"variant_id","track","dataset","dataset_views","retrieval_channels","specialist","fusion","reranker","rerank_candidate_grid","primary_rerank_k","status","scope"
"photo__b__none","photo","XM3600","tr/en","B","none","identity","none","not_applicable","not_applicable","planned_not_run","method_family; expand dataset views and controlled ablations separately"
"photo__b__laya_text","photo","XM3600","tr/en","B","none","identity","laya_text","20|50|100","50","planned_not_run","method_family; expand dataset views and controlled ablations separately"
"photo__b__bge_reranker_text","photo","XM3600","tr/en","B","none","identity","bge_reranker_text","20|50|100","50","planned_not_run","method_family; expand dataset views and controlled ablations separately"
"photo__b__gemma4_relevance","photo","XM3600","tr/en","B","none","identity","gemma4_relevance","20|50|100","50","planned_not_run","method_family; expand dataset views and controlled ablations separately"
"photo__g__none","photo","XM3600","tr/en","G","none","identity","none","not_applicable","not_applicable","planned_not_run","method_family; expand dataset views and controlled ablations separately"
"photo__g__laya_text","photo","XM3600","tr/en","G","none","identity","laya_text","20|50|100","50","planned_not_run","method_family; expand dataset views and controlled ablations separately"
"photo__g__bge_reranker_text","photo","XM3600","tr/en","G","none","identity","bge_reranker_text","20|50|100","50","planned_not_run","method_family; expand dataset views and controlled ablations separately"
"photo__g__gemma4_relevance","photo","XM3600","tr/en","G","none","identity","gemma4_relevance","20|50|100","50","planned_not_run","method_family; expand dataset views and controlled ablations separately"
"photo__b_g__none","photo","XM3600","tr/en","B|G","none","equal_weight_rrf_k60","none","not_applicable","not_applicable","planned_not_run","method_family; expand dataset views and controlled ablations separately"
"photo__b_g__laya_text","photo","XM3600","tr/en","B|G","none","equal_weight_rrf_k60","laya_text","20|50|100","50","planned_not_run","method_family; expand dataset views and controlled ablations separately"
"photo__b_g__bge_reranker_text","photo","XM3600","tr/en","B|G","none","equal_weight_rrf_k60","bge_reranker_text","20|50|100","50","planned_not_run","method_family; expand dataset views and controlled ablations separately"
"photo__b_g__gemma4_relevance","photo","XM3600","tr/en","B|G","none","equal_weight_rrf_k60","gemma4_relevance","20|50|100","50","planned_not_run","method_family; expand dataset views and controlled ablations separately"
"photo__e__none","photo","XM3600","tr/en","E","none","identity","none","not_applicable","not_applicable","planned_not_run","method_family; expand dataset views and controlled ablations separately"
"photo__e__laya_text","photo","XM3600","tr/en","E","none","identity","laya_text","20|50|100","50","planned_not_run","method_family; expand dataset views and controlled ablations separately"
"photo__e__bge_reranker_text","photo","XM3600","tr/en","E","none","identity","bge_reranker_text","20|50|100","50","planned_not_run","method_family; expand dataset views and controlled ablations separately"
"photo__e__gemma4_relevance","photo","XM3600","tr/en","E","none","identity","gemma4_relevance","20|50|100","50","planned_not_run","method_family; expand dataset views and controlled ablations separately"
"photo__b_e__none","photo","XM3600","tr/en","B|E","none","equal_weight_rrf_k60","none","not_applicable","not_applicable","planned_not_run","method_family; expand dataset views and controlled ablations separately"
"photo__b_e__laya_text","photo","XM3600","tr/en","B|E","none","equal_weight_rrf_k60","laya_text","20|50|100","50","planned_not_run","method_family; expand dataset views and controlled ablations separately"
"photo__b_e__bge_reranker_text","photo","XM3600","tr/en","B|E","none","equal_weight_rrf_k60","bge_reranker_text","20|50|100","50","planned_not_run","method_family; expand dataset views and controlled ablations separately"
"photo__b_e__gemma4_relevance","photo","XM3600","tr/en","B|E","none","equal_weight_rrf_k60","gemma4_relevance","20|50|100","50","planned_not_run","method_family; expand dataset views and controlled ablations separately"
"photo__g_e__none","photo","XM3600","tr/en","G|E","none","equal_weight_rrf_k60","none","not_applicable","not_applicable","planned_not_run","method_family; expand dataset views and controlled ablations separately"
"photo__g_e__laya_text","photo","XM3600","tr/en","G|E","none","equal_weight_rrf_k60","laya_text","20|50|100","50","planned_not_run","method_family; expand dataset views and controlled ablations separately"
"photo__g_e__bge_reranker_text","photo","XM3600","tr/en","G|E","none","equal_weight_rrf_k60","bge_reranker_text","20|50|100","50","planned_not_run","method_family; expand dataset views and controlled ablations separately"
"photo__g_e__gemma4_relevance","photo","XM3600","tr/en","G|E","none","equal_weight_rrf_k60","gemma4_relevance","20|50|100","50","planned_not_run","method_family; expand dataset views and controlled ablations separately"
"photo__b_g_e__none","photo","XM3600","tr/en","B|G|E","none","equal_weight_rrf_k60","none","not_applicable","not_applicable","planned_not_run","method_family; expand dataset views and controlled ablations separately"
"photo__b_g_e__laya_text","photo","XM3600","tr/en","B|G|E","none","equal_weight_rrf_k60","laya_text","20|50|100","50","planned_not_run","method_family; expand dataset views and controlled ablations separately"
"photo__b_g_e__bge_reranker_text","photo","XM3600","tr/en","B|G|E","none","equal_weight_rrf_k60","bge_reranker_text","20|50|100","50","planned_not_run","method_family; expand dataset views and controlled ablations separately"
"photo__b_g_e__gemma4_relevance","photo","XM3600","tr/en","B|G|E","none","equal_weight_rrf_k60","gemma4_relevance","20|50|100","50","planned_not_run","method_family; expand dataset views and controlled ablations separately"
"photo__n__none","photo","XM3600","tr/en","N","none","identity","none","not_applicable","not_applicable","planned_not_run","method_family; expand dataset views and controlled ablations separately"
"photo__n__laya_text","photo","XM3600","tr/en","N","none","identity","laya_text","20|50|100","50","planned_not_run","method_family; expand dataset views and controlled ablations separately"
"photo__n__bge_reranker_text","photo","XM3600","tr/en","N","none","identity","bge_reranker_text","20|50|100","50","planned_not_run","method_family; expand dataset views and controlled ablations separately"
"photo__n__gemma4_relevance","photo","XM3600","tr/en","N","none","identity","gemma4_relevance","20|50|100","50","planned_not_run","method_family; expand dataset views and controlled ablations separately"
"photo__b_n__none","photo","XM3600","tr/en","B|N","none","equal_weight_rrf_k60","none","not_applicable","not_applicable","planned_not_run","method_family; expand dataset views and controlled ablations separately"
"photo__b_n__laya_text","photo","XM3600","tr/en","B|N","none","equal_weight_rrf_k60","laya_text","20|50|100","50","planned_not_run","method_family; expand dataset views and controlled ablations separately"
"photo__b_n__bge_reranker_text","photo","XM3600","tr/en","B|N","none","equal_weight_rrf_k60","bge_reranker_text","20|50|100","50","planned_not_run","method_family; expand dataset views and controlled ablations separately"
"photo__b_n__gemma4_relevance","photo","XM3600","tr/en","B|N","none","equal_weight_rrf_k60","gemma4_relevance","20|50|100","50","planned_not_run","method_family; expand dataset views and controlled ablations separately"
"photo__g_n__none","photo","XM3600","tr/en","G|N","none","equal_weight_rrf_k60","none","not_applicable","not_applicable","planned_not_run","method_family; expand dataset views and controlled ablations separately"
"photo__g_n__laya_text","photo","XM3600","tr/en","G|N","none","equal_weight_rrf_k60","laya_text","20|50|100","50","planned_not_run","method_family; expand dataset views and controlled ablations separately"
"photo__g_n__bge_reranker_text","photo","XM3600","tr/en","G|N","none","equal_weight_rrf_k60","bge_reranker_text","20|50|100","50","planned_not_run","method_family; expand dataset views and controlled ablations separately"
"photo__g_n__gemma4_relevance","photo","XM3600","tr/en","G|N","none","equal_weight_rrf_k60","gemma4_relevance","20|50|100","50","planned_not_run","method_family; expand dataset views and controlled ablations separately"
"photo__b_g_n__none","photo","XM3600","tr/en","B|G|N","none","equal_weight_rrf_k60","none","not_applicable","not_applicable","planned_not_run","method_family; expand dataset views and controlled ablations separately"
"photo__b_g_n__laya_text","photo","XM3600","tr/en","B|G|N","none","equal_weight_rrf_k60","laya_text","20|50|100","50","planned_not_run","method_family; expand dataset views and controlled ablations separately"
"photo__b_g_n__bge_reranker_text","photo","XM3600","tr/en","B|G|N","none","equal_weight_rrf_k60","bge_reranker_text","20|50|100","50","planned_not_run","method_family; expand dataset views and controlled ablations separately"
"photo__b_g_n__gemma4_relevance","photo","XM3600","tr/en","B|G|N","none","equal_weight_rrf_k60","gemma4_relevance","20|50|100","50","planned_not_run","method_family; expand dataset views and controlled ablations separately"
"photo__e_n__none","photo","XM3600","tr/en","E|N","none","equal_weight_rrf_k60","none","not_applicable","not_applicable","planned_not_run","method_family; expand dataset views and controlled ablations separately"
"photo__e_n__laya_text","photo","XM3600","tr/en","E|N","none","equal_weight_rrf_k60","laya_text","20|50|100","50","planned_not_run","method_family; expand dataset views and controlled ablations separately"
"photo__e_n__bge_reranker_text","photo","XM3600","tr/en","E|N","none","equal_weight_rrf_k60","bge_reranker_text","20|50|100","50","planned_not_run","method_family; expand dataset views and controlled ablations separately"
"photo__e_n__gemma4_relevance","photo","XM3600","tr/en","E|N","none","equal_weight_rrf_k60","gemma4_relevance","20|50|100","50","planned_not_run","method_family; expand dataset views and controlled ablations separately"
"photo__b_e_n__none","photo","XM3600","tr/en","B|E|N","none","equal_weight_rrf_k60","none","not_applicable","not_applicable","planned_not_run","method_family; expand dataset views and controlled ablations separately"
"photo__b_e_n__laya_text","photo","XM3600","tr/en","B|E|N","none","equal_weight_rrf_k60","laya_text","20|50|100","50","planned_not_run","method_family; expand dataset views and controlled ablations separately"
"photo__b_e_n__bge_reranker_text","photo","XM3600","tr/en","B|E|N","none","equal_weight_rrf_k60","bge_reranker_text","20|50|100","50","planned_not_run","method_family; expand dataset views and controlled ablations separately"
"photo__b_e_n__gemma4_relevance","photo","XM3600","tr/en","B|E|N","none","equal_weight_rrf_k60","gemma4_relevance","20|50|100","50","planned_not_run","method_family; expand dataset views and controlled ablations separately"
"photo__g_e_n__none","photo","XM3600","tr/en","G|E|N","none","equal_weight_rrf_k60","none","not_applicable","not_applicable","planned_not_run","method_family; expand dataset views and controlled ablations separately"
"photo__g_e_n__laya_text","photo","XM3600","tr/en","G|E|N","none","equal_weight_rrf_k60","laya_text","20|50|100","50","planned_not_run","method_family; expand dataset views and controlled ablations separately"
"photo__g_e_n__bge_reranker_text","photo","XM3600","tr/en","G|E|N","none","equal_weight_rrf_k60","bge_reranker_text","20|50|100","50","planned_not_run","method_family; expand dataset views and controlled ablations separately"
"photo__g_e_n__gemma4_relevance","photo","XM3600","tr/en","G|E|N","none","equal_weight_rrf_k60","gemma4_relevance","20|50|100","50","planned_not_run","method_family; expand dataset views and controlled ablations separately"
"photo__b_g_e_n__none","photo","XM3600","tr/en","B|G|E|N","none","equal_weight_rrf_k60","none","not_applicable","not_applicable","planned_not_run","method_family; expand dataset views and controlled ablations separately"
"photo__b_g_e_n__laya_text","photo","XM3600","tr/en","B|G|E|N","none","equal_weight_rrf_k60","laya_text","20|50|100","50","planned_not_run","method_family; expand dataset views and controlled ablations separately"
"photo__b_g_e_n__bge_reranker_text","photo","XM3600","tr/en","B|G|E|N","none","equal_weight_rrf_k60","bge_reranker_text","20|50|100","50","planned_not_run","method_family; expand dataset views and controlled ablations separately"
"photo__b_g_e_n__gemma4_relevance","photo","XM3600","tr/en","B|G|E|N","none","equal_weight_rrf_k60","gemma4_relevance","20|50|100","50","planned_not_run","method_family; expand dataset views and controlled ablations separately"
"photo__s__none","photo","XM3600","tr/en","S","SigLIP2","identity","none","not_applicable","not_applicable","planned_not_run","method_family; expand dataset views and controlled ablations separately"
"photo__s__laya_text","photo","XM3600","tr/en","S","SigLIP2","identity","laya_text","20|50|100","50","planned_not_run","method_family; expand dataset views and controlled ablations separately"
"photo__s__bge_reranker_text","photo","XM3600","tr/en","S","SigLIP2","identity","bge_reranker_text","20|50|100","50","planned_not_run","method_family; expand dataset views and controlled ablations separately"
"photo__s__gemma4_relevance","photo","XM3600","tr/en","S","SigLIP2","identity","gemma4_relevance","20|50|100","50","planned_not_run","method_family; expand dataset views and controlled ablations separately"
"photo__b_s__none","photo","XM3600","tr/en","B|S","SigLIP2","equal_weight_rrf_k60","none","not_applicable","not_applicable","planned_not_run","method_family; expand dataset views and controlled ablations separately"
"photo__b_s__laya_text","photo","XM3600","tr/en","B|S","SigLIP2","equal_weight_rrf_k60","laya_text","20|50|100","50","planned_not_run","method_family; expand dataset views and controlled ablations separately"
"photo__b_s__bge_reranker_text","photo","XM3600","tr/en","B|S","SigLIP2","equal_weight_rrf_k60","bge_reranker_text","20|50|100","50","planned_not_run","method_family; expand dataset views and controlled ablations separately"
"photo__b_s__gemma4_relevance","photo","XM3600","tr/en","B|S","SigLIP2","equal_weight_rrf_k60","gemma4_relevance","20|50|100","50","planned_not_run","method_family; expand dataset views and controlled ablations separately"
"photo__g_s__none","photo","XM3600","tr/en","G|S","SigLIP2","equal_weight_rrf_k60","none","not_applicable","not_applicable","planned_not_run","method_family; expand dataset views and controlled ablations separately"
"photo__g_s__laya_text","photo","XM3600","tr/en","G|S","SigLIP2","equal_weight_rrf_k60","laya_text","20|50|100","50","planned_not_run","method_family; expand dataset views and controlled ablations separately"
"photo__g_s__bge_reranker_text","photo","XM3600","tr/en","G|S","SigLIP2","equal_weight_rrf_k60","bge_reranker_text","20|50|100","50","planned_not_run","method_family; expand dataset views and controlled ablations separately"
"photo__g_s__gemma4_relevance","photo","XM3600","tr/en","G|S","SigLIP2","equal_weight_rrf_k60","gemma4_relevance","20|50|100","50","planned_not_run","method_family; expand dataset views and controlled ablations separately"
"photo__b_g_s__none","photo","XM3600","tr/en","B|G|S","SigLIP2","equal_weight_rrf_k60","none","not_applicable","not_applicable","planned_not_run","method_family; expand dataset views and controlled ablations separately"
"photo__b_g_s__laya_text","photo","XM3600","tr/en","B|G|S","SigLIP2","equal_weight_rrf_k60","laya_text","20|50|100","50","planned_not_run","method_family; expand dataset views and controlled ablations separately"
"photo__b_g_s__bge_reranker_text","photo","XM3600","tr/en","B|G|S","SigLIP2","equal_weight_rrf_k60","bge_reranker_text","20|50|100","50","planned_not_run","method_family; expand dataset views and controlled ablations separately"
"photo__b_g_s__gemma4_relevance","photo","XM3600","tr/en","B|G|S","SigLIP2","equal_weight_rrf_k60","gemma4_relevance","20|50|100","50","planned_not_run","method_family; expand dataset views and controlled ablations separately"
"photo__e_s__none","photo","XM3600","tr/en","E|S","SigLIP2","equal_weight_rrf_k60","none","not_applicable","not_applicable","planned_not_run","method_family; expand dataset views and controlled ablations separately"
"photo__e_s__laya_text","photo","XM3600","tr/en","E|S","SigLIP2","equal_weight_rrf_k60","laya_text","20|50|100","50","planned_not_run","method_family; expand dataset views and controlled ablations separately"
"photo__e_s__bge_reranker_text","photo","XM3600","tr/en","E|S","SigLIP2","equal_weight_rrf_k60","bge_reranker_text","20|50|100","50","planned_not_run","method_family; expand dataset views and controlled ablations separately"
"photo__e_s__gemma4_relevance","photo","XM3600","tr/en","E|S","SigLIP2","equal_weight_rrf_k60","gemma4_relevance","20|50|100","50","planned_not_run","method_family; expand dataset views and controlled ablations separately"
"photo__b_e_s__none","photo","XM3600","tr/en","B|E|S","SigLIP2","equal_weight_rrf_k60","none","not_applicable","not_applicable","planned_not_run","method_family; expand dataset views and controlled ablations separately"
"photo__b_e_s__laya_text","photo","XM3600","tr/en","B|E|S","SigLIP2","equal_weight_rrf_k60","laya_text","20|50|100","50","planned_not_run","method_family; expand dataset views and controlled ablations separately"
"photo__b_e_s__bge_reranker_text","photo","XM3600","tr/en","B|E|S","SigLIP2","equal_weight_rrf_k60","bge_reranker_text","20|50|100","50","planned_not_run","method_family; expand dataset views and controlled ablations separately"
"photo__b_e_s__gemma4_relevance","photo","XM3600","tr/en","B|E|S","SigLIP2","equal_weight_rrf_k60","gemma4_relevance","20|50|100","50","planned_not_run","method_family; expand dataset views and controlled ablations separately"
"photo__g_e_s__none","photo","XM3600","tr/en","G|E|S","SigLIP2","equal_weight_rrf_k60","none","not_applicable","not_applicable","planned_not_run","method_family; expand dataset views and controlled ablations separately"
"photo__g_e_s__laya_text","photo","XM3600","tr/en","G|E|S","SigLIP2","equal_weight_rrf_k60","laya_text","20|50|100","50","planned_not_run","method_family; expand dataset views and controlled ablations separately"
"photo__g_e_s__bge_reranker_text","photo","XM3600","tr/en","G|E|S","SigLIP2","equal_weight_rrf_k60","bge_reranker_text","20|50|100","50","planned_not_run","method_family; expand dataset views and controlled ablations separately"
"photo__g_e_s__gemma4_relevance","photo","XM3600","tr/en","G|E|S","SigLIP2","equal_weight_rrf_k60","gemma4_relevance","20|50|100","50","planned_not_run","method_family; expand dataset views and controlled ablations separately"
"photo__b_g_e_s__none","photo","XM3600","tr/en","B|G|E|S","SigLIP2","equal_weight_rrf_k60","none","not_applicable","not_applicable","planned_not_run","method_family; expand dataset views and controlled ablations separately"
"photo__b_g_e_s__laya_text","photo","XM3600","tr/en","B|G|E|S","SigLIP2","equal_weight_rrf_k60","laya_text","20|50|100","50","planned_not_run","method_family; expand dataset views and controlled ablations separately"
"photo__b_g_e_s__bge_reranker_text","photo","XM3600","tr/en","B|G|E|S","SigLIP2","equal_weight_rrf_k60","bge_reranker_text","20|50|100","50","planned_not_run","method_family; expand dataset views and controlled ablations separately"
"photo__b_g_e_s__gemma4_relevance","photo","XM3600","tr/en","B|G|E|S","SigLIP2","equal_weight_rrf_k60","gemma4_relevance","20|50|100","50","planned_not_run","method_family; expand dataset views and controlled ablations separately"
"photo__n_s__none","photo","XM3600","tr/en","N|S","SigLIP2","equal_weight_rrf_k60","none","not_applicable","not_applicable","planned_not_run","method_family; expand dataset views and controlled ablations separately"
"photo__n_s__laya_text","photo","XM3600","tr/en","N|S","SigLIP2","equal_weight_rrf_k60","laya_text","20|50|100","50","planned_not_run","method_family; expand dataset views and controlled ablations separately"
"photo__n_s__bge_reranker_text","photo","XM3600","tr/en","N|S","SigLIP2","equal_weight_rrf_k60","bge_reranker_text","20|50|100","50","planned_not_run","method_family; expand dataset views and controlled ablations separately"
"photo__n_s__gemma4_relevance","photo","XM3600","tr/en","N|S","SigLIP2","equal_weight_rrf_k60","gemma4_relevance","20|50|100","50","planned_not_run","method_family; expand dataset views and controlled ablations separately"
"photo__b_n_s__none","photo","XM3600","tr/en","B|N|S","SigLIP2","equal_weight_rrf_k60","none","not_applicable","not_applicable","planned_not_run","method_family; expand dataset views and controlled ablations separately"
"photo__b_n_s__laya_text","photo","XM3600","tr/en","B|N|S","SigLIP2","equal_weight_rrf_k60","laya_text","20|50|100","50","planned_not_run","method_family; expand dataset views and controlled ablations separately"
"photo__b_n_s__bge_reranker_text","photo","XM3600","tr/en","B|N|S","SigLIP2","equal_weight_rrf_k60","bge_reranker_text","20|50|100","50","planned_not_run","method_family; expand dataset views and controlled ablations separately"
"photo__b_n_s__gemma4_relevance","photo","XM3600","tr/en","B|N|S","SigLIP2","equal_weight_rrf_k60","gemma4_relevance","20|50|100","50","planned_not_run","method_family; expand dataset views and controlled ablations separately"
"photo__g_n_s__none","photo","XM3600","tr/en","G|N|S","SigLIP2","equal_weight_rrf_k60","none","not_applicable","not_applicable","planned_not_run","method_family; expand dataset views and controlled ablations separately"
"photo__g_n_s__laya_text","photo","XM3600","tr/en","G|N|S","SigLIP2","equal_weight_rrf_k60","laya_text","20|50|100","50","planned_not_run","method_family; expand dataset views and controlled ablations separately"
"photo__g_n_s__bge_reranker_text","photo","XM3600","tr/en","G|N|S","SigLIP2","equal_weight_rrf_k60","bge_reranker_text","20|50|100","50","planned_not_run","method_family; expand dataset views and controlled ablations separately"
"photo__g_n_s__gemma4_relevance","photo","XM3600","tr/en","G|N|S","SigLIP2","equal_weight_rrf_k60","gemma4_relevance","20|50|100","50","planned_not_run","method_family; expand dataset views and controlled ablations separately"
"photo__b_g_n_s__none","photo","XM3600","tr/en","B|G|N|S","SigLIP2","equal_weight_rrf_k60","none","not_applicable","not_applicable","planned_not_run","method_family; expand dataset views and controlled ablations separately"
"photo__b_g_n_s__laya_text","photo","XM3600","tr/en","B|G|N|S","SigLIP2","equal_weight_rrf_k60","laya_text","20|50|100","50","planned_not_run","method_family; expand dataset views and controlled ablations separately"
"photo__b_g_n_s__bge_reranker_text","photo","XM3600","tr/en","B|G|N|S","SigLIP2","equal_weight_rrf_k60","bge_reranker_text","20|50|100","50","planned_not_run","method_family; expand dataset views and controlled ablations separately"
"photo__b_g_n_s__gemma4_relevance","photo","XM3600","tr/en","B|G|N|S","SigLIP2","equal_weight_rrf_k60","gemma4_relevance","20|50|100","50","planned_not_run","method_family; expand dataset views and controlled ablations separately"
"photo__e_n_s__none","photo","XM3600","tr/en","E|N|S","SigLIP2","equal_weight_rrf_k60","none","not_applicable","not_applicable","planned_not_run","method_family; expand dataset views and controlled ablations separately"
"photo__e_n_s__laya_text","photo","XM3600","tr/en","E|N|S","SigLIP2","equal_weight_rrf_k60","laya_text","20|50|100","50","planned_not_run","method_family; expand dataset views and controlled ablations separately"
"photo__e_n_s__bge_reranker_text","photo","XM3600","tr/en","E|N|S","SigLIP2","equal_weight_rrf_k60","bge_reranker_text","20|50|100","50","planned_not_run","method_family; expand dataset views and controlled ablations separately"
"photo__e_n_s__gemma4_relevance","photo","XM3600","tr/en","E|N|S","SigLIP2","equal_weight_rrf_k60","gemma4_relevance","20|50|100","50","planned_not_run","method_family; expand dataset views and controlled ablations separately"
"photo__b_e_n_s__none","photo","XM3600","tr/en","B|E|N|S","SigLIP2","equal_weight_rrf_k60","none","not_applicable","not_applicable","planned_not_run","method_family; expand dataset views and controlled ablations separately"
"photo__b_e_n_s__laya_text","photo","XM3600","tr/en","B|E|N|S","SigLIP2","equal_weight_rrf_k60","laya_text","20|50|100","50","planned_not_run","method_family; expand dataset views and controlled ablations separately"
"photo__b_e_n_s__bge_reranker_text","photo","XM3600","tr/en","B|E|N|S","SigLIP2","equal_weight_rrf_k60","bge_reranker_text","20|50|100","50","planned_not_run","method_family; expand dataset views and controlled ablations separately"
"photo__b_e_n_s__gemma4_relevance","photo","XM3600","tr/en","B|E|N|S","SigLIP2","equal_weight_rrf_k60","gemma4_relevance","20|50|100","50","planned_not_run","method_family; expand dataset views and controlled ablations separately"
"photo__g_e_n_s__none","photo","XM3600","tr/en","G|E|N|S","SigLIP2","equal_weight_rrf_k60","none","not_applicable","not_applicable","planned_not_run","method_family; expand dataset views and controlled ablations separately"
"photo__g_e_n_s__laya_text","photo","XM3600","tr/en","G|E|N|S","SigLIP2","equal_weight_rrf_k60","laya_text","20|50|100","50","planned_not_run","method_family; expand dataset views and controlled ablations separately"
"photo__g_e_n_s__bge_reranker_text","photo","XM3600","tr/en","G|E|N|S","SigLIP2","equal_weight_rrf_k60","bge_reranker_text","20|50|100","50","planned_not_run","method_family; expand dataset views and controlled ablations separately"
"photo__g_e_n_s__gemma4_relevance","photo","XM3600","tr/en","G|E|N|S","SigLIP2","equal_weight_rrf_k60","gemma4_relevance","20|50|100","50","planned_not_run","method_family; expand dataset views and controlled ablations separately"
"photo__b_g_e_n_s__none","photo","XM3600","tr/en","B|G|E|N|S","SigLIP2","equal_weight_rrf_k60","none","not_applicable","not_applicable","planned_not_run","method_family; expand dataset views and controlled ablations separately"
"photo__b_g_e_n_s__laya_text","photo","XM3600","tr/en","B|G|E|N|S","SigLIP2","equal_weight_rrf_k60","laya_text","20|50|100","50","planned_not_run","method_family; expand dataset views and controlled ablations separately"
"photo__b_g_e_n_s__bge_reranker_text","photo","XM3600","tr/en","B|G|E|N|S","SigLIP2","equal_weight_rrf_k60","bge_reranker_text","20|50|100","50","planned_not_run","method_family; expand dataset views and controlled ablations separately"
"photo__b_g_e_n_s__gemma4_relevance","photo","XM3600","tr/en","B|G|E|N|S","SigLIP2","equal_weight_rrf_k60","gemma4_relevance","20|50|100","50","planned_not_run","method_family; expand dataset views and controlled ablations separately"
"photo__j__none","photo","XM3600","tr/en","J","none","identity","none","not_applicable","not_applicable","planned_not_run","method_family; expand dataset views and controlled ablations separately"
"photo__j__laya_text","photo","XM3600","tr/en","J","none","identity","laya_text","20|50|100","50","planned_not_run","method_family; expand dataset views and controlled ablations separately"
"photo__j__bge_reranker_text","photo","XM3600","tr/en","J","none","identity","bge_reranker_text","20|50|100","50","planned_not_run","method_family; expand dataset views and controlled ablations separately"
"photo__j__gemma4_relevance","photo","XM3600","tr/en","J","none","identity","gemma4_relevance","20|50|100","50","planned_not_run","method_family; expand dataset views and controlled ablations separately"
"photo__b_j__none","photo","XM3600","tr/en","B|J","none","equal_weight_rrf_k60","none","not_applicable","not_applicable","planned_not_run","method_family; expand dataset views and controlled ablations separately"
"photo__b_j__laya_text","photo","XM3600","tr/en","B|J","none","equal_weight_rrf_k60","laya_text","20|50|100","50","planned_not_run","method_family; expand dataset views and controlled ablations separately"
"photo__b_j__bge_reranker_text","photo","XM3600","tr/en","B|J","none","equal_weight_rrf_k60","bge_reranker_text","20|50|100","50","planned_not_run","method_family; expand dataset views and controlled ablations separately"
"photo__b_j__gemma4_relevance","photo","XM3600","tr/en","B|J","none","equal_weight_rrf_k60","gemma4_relevance","20|50|100","50","planned_not_run","method_family; expand dataset views and controlled ablations separately"
"photo__g_j__none","photo","XM3600","tr/en","G|J","none","equal_weight_rrf_k60","none","not_applicable","not_applicable","planned_not_run","method_family; expand dataset views and controlled ablations separately"
"photo__g_j__laya_text","photo","XM3600","tr/en","G|J","none","equal_weight_rrf_k60","laya_text","20|50|100","50","planned_not_run","method_family; expand dataset views and controlled ablations separately"
"photo__g_j__bge_reranker_text","photo","XM3600","tr/en","G|J","none","equal_weight_rrf_k60","bge_reranker_text","20|50|100","50","planned_not_run","method_family; expand dataset views and controlled ablations separately"
"photo__g_j__gemma4_relevance","photo","XM3600","tr/en","G|J","none","equal_weight_rrf_k60","gemma4_relevance","20|50|100","50","planned_not_run","method_family; expand dataset views and controlled ablations separately"
"photo__b_g_j__none","photo","XM3600","tr/en","B|G|J","none","equal_weight_rrf_k60","none","not_applicable","not_applicable","planned_not_run","method_family; expand dataset views and controlled ablations separately"
"photo__b_g_j__laya_text","photo","XM3600","tr/en","B|G|J","none","equal_weight_rrf_k60","laya_text","20|50|100","50","planned_not_run","method_family; expand dataset views and controlled ablations separately"
"photo__b_g_j__bge_reranker_text","photo","XM3600","tr/en","B|G|J","none","equal_weight_rrf_k60","bge_reranker_text","20|50|100","50","planned_not_run","method_family; expand dataset views and controlled ablations separately"
"photo__b_g_j__gemma4_relevance","photo","XM3600","tr/en","B|G|J","none","equal_weight_rrf_k60","gemma4_relevance","20|50|100","50","planned_not_run","method_family; expand dataset views and controlled ablations separately"
"photo__e_j__none","photo","XM3600","tr/en","E|J","none","equal_weight_rrf_k60","none","not_applicable","not_applicable","planned_not_run","method_family; expand dataset views and controlled ablations separately"
"photo__e_j__laya_text","photo","XM3600","tr/en","E|J","none","equal_weight_rrf_k60","laya_text","20|50|100","50","planned_not_run","method_family; expand dataset views and controlled ablations separately"
"photo__e_j__bge_reranker_text","photo","XM3600","tr/en","E|J","none","equal_weight_rrf_k60","bge_reranker_text","20|50|100","50","planned_not_run","method_family; expand dataset views and controlled ablations separately"
"photo__e_j__gemma4_relevance","photo","XM3600","tr/en","E|J","none","equal_weight_rrf_k60","gemma4_relevance","20|50|100","50","planned_not_run","method_family; expand dataset views and controlled ablations separately"
"photo__b_e_j__none","photo","XM3600","tr/en","B|E|J","none","equal_weight_rrf_k60","none","not_applicable","not_applicable","planned_not_run","method_family; expand dataset views and controlled ablations separately"
"photo__b_e_j__laya_text","photo","XM3600","tr/en","B|E|J","none","equal_weight_rrf_k60","laya_text","20|50|100","50","planned_not_run","method_family; expand dataset views and controlled ablations separately"
"photo__b_e_j__bge_reranker_text","photo","XM3600","tr/en","B|E|J","none","equal_weight_rrf_k60","bge_reranker_text","20|50|100","50","planned_not_run","method_family; expand dataset views and controlled ablations separately"
"photo__b_e_j__gemma4_relevance","photo","XM3600","tr/en","B|E|J","none","equal_weight_rrf_k60","gemma4_relevance","20|50|100","50","planned_not_run","method_family; expand dataset views and controlled ablations separately"
"photo__g_e_j__none","photo","XM3600","tr/en","G|E|J","none","equal_weight_rrf_k60","none","not_applicable","not_applicable","planned_not_run","method_family; expand dataset views and controlled ablations separately"
"photo__g_e_j__laya_text","photo","XM3600","tr/en","G|E|J","none","equal_weight_rrf_k60","laya_text","20|50|100","50","planned_not_run","method_family; expand dataset views and controlled ablations separately"
"photo__g_e_j__bge_reranker_text","photo","XM3600","tr/en","G|E|J","none","equal_weight_rrf_k60","bge_reranker_text","20|50|100","50","planned_not_run","method_family; expand dataset views and controlled ablations separately"
"photo__g_e_j__gemma4_relevance","photo","XM3600","tr/en","G|E|J","none","equal_weight_rrf_k60","gemma4_relevance","20|50|100","50","planned_not_run","method_family; expand dataset views and controlled ablations separately"
"photo__b_g_e_j__none","photo","XM3600","tr/en","B|G|E|J","none","equal_weight_rrf_k60","none","not_applicable","not_applicable","planned_not_run","method_family; expand dataset views and controlled ablations separately"
"photo__b_g_e_j__laya_text","photo","XM3600","tr/en","B|G|E|J","none","equal_weight_rrf_k60","laya_text","20|50|100","50","planned_not_run","method_family; expand dataset views and controlled ablations separately"
"photo__b_g_e_j__bge_reranker_text","photo","XM3600","tr/en","B|G|E|J","none","equal_weight_rrf_k60","bge_reranker_text","20|50|100","50","planned_not_run","method_family; expand dataset views and controlled ablations separately"
"photo__b_g_e_j__gemma4_relevance","photo","XM3600","tr/en","B|G|E|J","none","equal_weight_rrf_k60","gemma4_relevance","20|50|100","50","planned_not_run","method_family; expand dataset views and controlled ablations separately"
"photo__n_j__none","photo","XM3600","tr/en","N|J","none","equal_weight_rrf_k60","none","not_applicable","not_applicable","planned_not_run","method_family; expand dataset views and controlled ablations separately"
"photo__n_j__laya_text","photo","XM3600","tr/en","N|J","none","equal_weight_rrf_k60","laya_text","20|50|100","50","planned_not_run","method_family; expand dataset views and controlled ablations separately"
"photo__n_j__bge_reranker_text","photo","XM3600","tr/en","N|J","none","equal_weight_rrf_k60","bge_reranker_text","20|50|100","50","planned_not_run","method_family; expand dataset views and controlled ablations separately"
"photo__n_j__gemma4_relevance","photo","XM3600","tr/en","N|J","none","equal_weight_rrf_k60","gemma4_relevance","20|50|100","50","planned_not_run","method_family; expand dataset views and controlled ablations separately"
"photo__b_n_j__none","photo","XM3600","tr/en","B|N|J","none","equal_weight_rrf_k60","none","not_applicable","not_applicable","planned_not_run","method_family; expand dataset views and controlled ablations separately"
"photo__b_n_j__laya_text","photo","XM3600","tr/en","B|N|J","none","equal_weight_rrf_k60","laya_text","20|50|100","50","planned_not_run","method_family; expand dataset views and controlled ablations separately"
"photo__b_n_j__bge_reranker_text","photo","XM3600","tr/en","B|N|J","none","equal_weight_rrf_k60","bge_reranker_text","20|50|100","50","planned_not_run","method_family; expand dataset views and controlled ablations separately"
"photo__b_n_j__gemma4_relevance","photo","XM3600","tr/en","B|N|J","none","equal_weight_rrf_k60","gemma4_relevance","20|50|100","50","planned_not_run","method_family; expand dataset views and controlled ablations separately"
"photo__g_n_j__none","photo","XM3600","tr/en","G|N|J","none","equal_weight_rrf_k60","none","not_applicable","not_applicable","planned_not_run","method_family; expand dataset views and controlled ablations separately"
"photo__g_n_j__laya_text","photo","XM3600","tr/en","G|N|J","none","equal_weight_rrf_k60","laya_text","20|50|100","50","planned_not_run","method_family; expand dataset views and controlled ablations separately"
"photo__g_n_j__bge_reranker_text","photo","XM3600","tr/en","G|N|J","none","equal_weight_rrf_k60","bge_reranker_text","20|50|100","50","planned_not_run","method_family; expand dataset views and controlled ablations separately"
"photo__g_n_j__gemma4_relevance","photo","XM3600","tr/en","G|N|J","none","equal_weight_rrf_k60","gemma4_relevance","20|50|100","50","planned_not_run","method_family; expand dataset views and controlled ablations separately"
"photo__b_g_n_j__none","photo","XM3600","tr/en","B|G|N|J","none","equal_weight_rrf_k60","none","not_applicable","not_applicable","planned_not_run","method_family; expand dataset views and controlled ablations separately"
"photo__b_g_n_j__laya_text","photo","XM3600","tr/en","B|G|N|J","none","equal_weight_rrf_k60","laya_text","20|50|100","50","planned_not_run","method_family; expand dataset views and controlled ablations separately"
"photo__b_g_n_j__bge_reranker_text","photo","XM3600","tr/en","B|G|N|J","none","equal_weight_rrf_k60","bge_reranker_text","20|50|100","50","planned_not_run","method_family; expand dataset views and controlled ablations separately"
"photo__b_g_n_j__gemma4_relevance","photo","XM3600","tr/en","B|G|N|J","none","equal_weight_rrf_k60","gemma4_relevance","20|50|100","50","planned_not_run","method_family; expand dataset views and controlled ablations separately"
"photo__e_n_j__none","photo","XM3600","tr/en","E|N|J","none","equal_weight_rrf_k60","none","not_applicable","not_applicable","planned_not_run","method_family; expand dataset views and controlled ablations separately"
"photo__e_n_j__laya_text","photo","XM3600","tr/en","E|N|J","none","equal_weight_rrf_k60","laya_text","20|50|100","50","planned_not_run","method_family; expand dataset views and controlled ablations separately"
"photo__e_n_j__bge_reranker_text","photo","XM3600","tr/en","E|N|J","none","equal_weight_rrf_k60","bge_reranker_text","20|50|100","50","planned_not_run","method_family; expand dataset views and controlled ablations separately"
"photo__e_n_j__gemma4_relevance","photo","XM3600","tr/en","E|N|J","none","equal_weight_rrf_k60","gemma4_relevance","20|50|100","50","planned_not_run","method_family; expand dataset views and controlled ablations separately"
"photo__b_e_n_j__none","photo","XM3600","tr/en","B|E|N|J","none","equal_weight_rrf_k60","none","not_applicable","not_applicable","planned_not_run","method_family; expand dataset views and controlled ablations separately"
"photo__b_e_n_j__laya_text","photo","XM3600","tr/en","B|E|N|J","none","equal_weight_rrf_k60","laya_text","20|50|100","50","planned_not_run","method_family; expand dataset views and controlled ablations separately"
"photo__b_e_n_j__bge_reranker_text","photo","XM3600","tr/en","B|E|N|J","none","equal_weight_rrf_k60","bge_reranker_text","20|50|100","50","planned_not_run","method_family; expand dataset views and controlled ablations separately"
"photo__b_e_n_j__gemma4_relevance","photo","XM3600","tr/en","B|E|N|J","none","equal_weight_rrf_k60","gemma4_relevance","20|50|100","50","planned_not_run","method_family; expand dataset views and controlled ablations separately"
"photo__g_e_n_j__none","photo","XM3600","tr/en","G|E|N|J","none","equal_weight_rrf_k60","none","not_applicable","not_applicable","planned_not_run","method_family; expand dataset views and controlled ablations separately"
"photo__g_e_n_j__laya_text","photo","XM3600","tr/en","G|E|N|J","none","equal_weight_rrf_k60","laya_text","20|50|100","50","planned_not_run","method_family; expand dataset views and controlled ablations separately"
"photo__g_e_n_j__bge_reranker_text","photo","XM3600","tr/en","G|E|N|J","none","equal_weight_rrf_k60","bge_reranker_text","20|50|100","50","planned_not_run","method_family; expand dataset views and controlled ablations separately"
"photo__g_e_n_j__gemma4_relevance","photo","XM3600","tr/en","G|E|N|J","none","equal_weight_rrf_k60","gemma4_relevance","20|50|100","50","planned_not_run","method_family; expand dataset views and controlled ablations separately"
"photo__b_g_e_n_j__none","photo","XM3600","tr/en","B|G|E|N|J","none","equal_weight_rrf_k60","none","not_applicable","not_applicable","planned_not_run","method_family; expand dataset views and controlled ablations separately"
"photo__b_g_e_n_j__laya_text","photo","XM3600","tr/en","B|G|E|N|J","none","equal_weight_rrf_k60","laya_text","20|50|100","50","planned_not_run","method_family; expand dataset views and controlled ablations separately"
"photo__b_g_e_n_j__bge_reranker_text","photo","XM3600","tr/en","B|G|E|N|J","none","equal_weight_rrf_k60","bge_reranker_text","20|50|100","50","planned_not_run","method_family; expand dataset views and controlled ablations separately"
"photo__b_g_e_n_j__gemma4_relevance","photo","XM3600","tr/en","B|G|E|N|J","none","equal_weight_rrf_k60","gemma4_relevance","20|50|100","50","planned_not_run","method_family; expand dataset views and controlled ablations separately"
"photo__s_j__none","photo","XM3600","tr/en","S|J","SigLIP2","equal_weight_rrf_k60","none","not_applicable","not_applicable","planned_not_run","method_family; expand dataset views and controlled ablations separately"
"photo__s_j__laya_text","photo","XM3600","tr/en","S|J","SigLIP2","equal_weight_rrf_k60","laya_text","20|50|100","50","planned_not_run","method_family; expand dataset views and controlled ablations separately"
"photo__s_j__bge_reranker_text","photo","XM3600","tr/en","S|J","SigLIP2","equal_weight_rrf_k60","bge_reranker_text","20|50|100","50","planned_not_run","method_family; expand dataset views and controlled ablations separately"
"photo__s_j__gemma4_relevance","photo","XM3600","tr/en","S|J","SigLIP2","equal_weight_rrf_k60","gemma4_relevance","20|50|100","50","planned_not_run","method_family; expand dataset views and controlled ablations separately"
"photo__b_s_j__none","photo","XM3600","tr/en","B|S|J","SigLIP2","equal_weight_rrf_k60","none","not_applicable","not_applicable","planned_not_run","method_family; expand dataset views and controlled ablations separately"
"photo__b_s_j__laya_text","photo","XM3600","tr/en","B|S|J","SigLIP2","equal_weight_rrf_k60","laya_text","20|50|100","50","planned_not_run","method_family; expand dataset views and controlled ablations separately"
"photo__b_s_j__bge_reranker_text","photo","XM3600","tr/en","B|S|J","SigLIP2","equal_weight_rrf_k60","bge_reranker_text","20|50|100","50","planned_not_run","method_family; expand dataset views and controlled ablations separately"
"photo__b_s_j__gemma4_relevance","photo","XM3600","tr/en","B|S|J","SigLIP2","equal_weight_rrf_k60","gemma4_relevance","20|50|100","50","planned_not_run","method_family; expand dataset views and controlled ablations separately"
"photo__g_s_j__none","photo","XM3600","tr/en","G|S|J","SigLIP2","equal_weight_rrf_k60","none","not_applicable","not_applicable","planned_not_run","method_family; expand dataset views and controlled ablations separately"
"photo__g_s_j__laya_text","photo","XM3600","tr/en","G|S|J","SigLIP2","equal_weight_rrf_k60","laya_text","20|50|100","50","planned_not_run","method_family; expand dataset views and controlled ablations separately"
"photo__g_s_j__bge_reranker_text","photo","XM3600","tr/en","G|S|J","SigLIP2","equal_weight_rrf_k60","bge_reranker_text","20|50|100","50","planned_not_run","method_family; expand dataset views and controlled ablations separately"
"photo__g_s_j__gemma4_relevance","photo","XM3600","tr/en","G|S|J","SigLIP2","equal_weight_rrf_k60","gemma4_relevance","20|50|100","50","planned_not_run","method_family; expand dataset views and controlled ablations separately"
"photo__b_g_s_j__none","photo","XM3600","tr/en","B|G|S|J","SigLIP2","equal_weight_rrf_k60","none","not_applicable","not_applicable","planned_not_run","method_family; expand dataset views and controlled ablations separately"
"photo__b_g_s_j__laya_text","photo","XM3600","tr/en","B|G|S|J","SigLIP2","equal_weight_rrf_k60","laya_text","20|50|100","50","planned_not_run","method_family; expand dataset views and controlled ablations separately"
"photo__b_g_s_j__bge_reranker_text","photo","XM3600","tr/en","B|G|S|J","SigLIP2","equal_weight_rrf_k60","bge_reranker_text","20|50|100","50","planned_not_run","method_family; expand dataset views and controlled ablations separately"
"photo__b_g_s_j__gemma4_relevance","photo","XM3600","tr/en","B|G|S|J","SigLIP2","equal_weight_rrf_k60","gemma4_relevance","20|50|100","50","planned_not_run","method_family; expand dataset views and controlled ablations separately"
"photo__e_s_j__none","photo","XM3600","tr/en","E|S|J","SigLIP2","equal_weight_rrf_k60","none","not_applicable","not_applicable","planned_not_run","method_family; expand dataset views and controlled ablations separately"
"photo__e_s_j__laya_text","photo","XM3600","tr/en","E|S|J","SigLIP2","equal_weight_rrf_k60","laya_text","20|50|100","50","planned_not_run","method_family; expand dataset views and controlled ablations separately"
"photo__e_s_j__bge_reranker_text","photo","XM3600","tr/en","E|S|J","SigLIP2","equal_weight_rrf_k60","bge_reranker_text","20|50|100","50","planned_not_run","method_family; expand dataset views and controlled ablations separately"
"photo__e_s_j__gemma4_relevance","photo","XM3600","tr/en","E|S|J","SigLIP2","equal_weight_rrf_k60","gemma4_relevance","20|50|100","50","planned_not_run","method_family; expand dataset views and controlled ablations separately"
"photo__b_e_s_j__none","photo","XM3600","tr/en","B|E|S|J","SigLIP2","equal_weight_rrf_k60","none","not_applicable","not_applicable","planned_not_run","method_family; expand dataset views and controlled ablations separately"
"photo__b_e_s_j__laya_text","photo","XM3600","tr/en","B|E|S|J","SigLIP2","equal_weight_rrf_k60","laya_text","20|50|100","50","planned_not_run","method_family; expand dataset views and controlled ablations separately"
"photo__b_e_s_j__bge_reranker_text","photo","XM3600","tr/en","B|E|S|J","SigLIP2","equal_weight_rrf_k60","bge_reranker_text","20|50|100","50","planned_not_run","method_family; expand dataset views and controlled ablations separately"
"photo__b_e_s_j__gemma4_relevance","photo","XM3600","tr/en","B|E|S|J","SigLIP2","equal_weight_rrf_k60","gemma4_relevance","20|50|100","50","planned_not_run","method_family; expand dataset views and controlled ablations separately"
"photo__g_e_s_j__none","photo","XM3600","tr/en","G|E|S|J","SigLIP2","equal_weight_rrf_k60","none","not_applicable","not_applicable","planned_not_run","method_family; expand dataset views and controlled ablations separately"
"photo__g_e_s_j__laya_text","photo","XM3600","tr/en","G|E|S|J","SigLIP2","equal_weight_rrf_k60","laya_text","20|50|100","50","planned_not_run","method_family; expand dataset views and controlled ablations separately"
"photo__g_e_s_j__bge_reranker_text","photo","XM3600","tr/en","G|E|S|J","SigLIP2","equal_weight_rrf_k60","bge_reranker_text","20|50|100","50","planned_not_run","method_family; expand dataset views and controlled ablations separately"
"photo__g_e_s_j__gemma4_relevance","photo","XM3600","tr/en","G|E|S|J","SigLIP2","equal_weight_rrf_k60","gemma4_relevance","20|50|100","50","planned_not_run","method_family; expand dataset views and controlled ablations separately"
"photo__b_g_e_s_j__none","photo","XM3600","tr/en","B|G|E|S|J","SigLIP2","equal_weight_rrf_k60","none","not_applicable","not_applicable","planned_not_run","method_family; expand dataset views and controlled ablations separately"
"photo__b_g_e_s_j__laya_text","photo","XM3600","tr/en","B|G|E|S|J","SigLIP2","equal_weight_rrf_k60","laya_text","20|50|100","50","planned_not_run","method_family; expand dataset views and controlled ablations separately"
"photo__b_g_e_s_j__bge_reranker_text","photo","XM3600","tr/en","B|G|E|S|J","SigLIP2","equal_weight_rrf_k60","bge_reranker_text","20|50|100","50","planned_not_run","method_family; expand dataset views and controlled ablations separately"
"photo__b_g_e_s_j__gemma4_relevance","photo","XM3600","tr/en","B|G|E|S|J","SigLIP2","equal_weight_rrf_k60","gemma4_relevance","20|50|100","50","planned_not_run","method_family; expand dataset views and controlled ablations separately"
"photo__n_s_j__none","photo","XM3600","tr/en","N|S|J","SigLIP2","equal_weight_rrf_k60","none","not_applicable","not_applicable","planned_not_run","method_family; expand dataset views and controlled ablations separately"
"photo__n_s_j__laya_text","photo","XM3600","tr/en","N|S|J","SigLIP2","equal_weight_rrf_k60","laya_text","20|50|100","50","planned_not_run","method_family; expand dataset views and controlled ablations separately"
"photo__n_s_j__bge_reranker_text","photo","XM3600","tr/en","N|S|J","SigLIP2","equal_weight_rrf_k60","bge_reranker_text","20|50|100","50","planned_not_run","method_family; expand dataset views and controlled ablations separately"
"photo__n_s_j__gemma4_relevance","photo","XM3600","tr/en","N|S|J","SigLIP2","equal_weight_rrf_k60","gemma4_relevance","20|50|100","50","planned_not_run","method_family; expand dataset views and controlled ablations separately"
"photo__b_n_s_j__none","photo","XM3600","tr/en","B|N|S|J","SigLIP2","equal_weight_rrf_k60","none","not_applicable","not_applicable","planned_not_run","method_family; expand dataset views and controlled ablations separately"
"photo__b_n_s_j__laya_text","photo","XM3600","tr/en","B|N|S|J","SigLIP2","equal_weight_rrf_k60","laya_text","20|50|100","50","planned_not_run","method_family; expand dataset views and controlled ablations separately"
"photo__b_n_s_j__bge_reranker_text","photo","XM3600","tr/en","B|N|S|J","SigLIP2","equal_weight_rrf_k60","bge_reranker_text","20|50|100","50","planned_not_run","method_family; expand dataset views and controlled ablations separately"
"photo__b_n_s_j__gemma4_relevance","photo","XM3600","tr/en","B|N|S|J","SigLIP2","equal_weight_rrf_k60","gemma4_relevance","20|50|100","50","planned_not_run","method_family; expand dataset views and controlled ablations separately"
"photo__g_n_s_j__none","photo","XM3600","tr/en","G|N|S|J","SigLIP2","equal_weight_rrf_k60","none","not_applicable","not_applicable","planned_not_run","method_family; expand dataset views and controlled ablations separately"
"photo__g_n_s_j__laya_text","photo","XM3600","tr/en","G|N|S|J","SigLIP2","equal_weight_rrf_k60","laya_text","20|50|100","50","planned_not_run","method_family; expand dataset views and controlled ablations separately"
"photo__g_n_s_j__bge_reranker_text","photo","XM3600","tr/en","G|N|S|J","SigLIP2","equal_weight_rrf_k60","bge_reranker_text","20|50|100","50","planned_not_run","method_family; expand dataset views and controlled ablations separately"
"photo__g_n_s_j__gemma4_relevance","photo","XM3600","tr/en","G|N|S|J","SigLIP2","equal_weight_rrf_k60","gemma4_relevance","20|50|100","50","planned_not_run","method_family; expand dataset views and controlled ablations separately"
"photo__b_g_n_s_j__none","photo","XM3600","tr/en","B|G|N|S|J","SigLIP2","equal_weight_rrf_k60","none","not_applicable","not_applicable","planned_not_run","method_family; expand dataset views and controlled ablations separately"
"photo__b_g_n_s_j__laya_text","photo","XM3600","tr/en","B|G|N|S|J","SigLIP2","equal_weight_rrf_k60","laya_text","20|50|100","50","planned_not_run","method_family; expand dataset views and controlled ablations separately"
"photo__b_g_n_s_j__bge_reranker_text","photo","XM3600","tr/en","B|G|N|S|J","SigLIP2","equal_weight_rrf_k60","bge_reranker_text","20|50|100","50","planned_not_run","method_family; expand dataset views and controlled ablations separately"
"photo__b_g_n_s_j__gemma4_relevance","photo","XM3600","tr/en","B|G|N|S|J","SigLIP2","equal_weight_rrf_k60","gemma4_relevance","20|50|100","50","planned_not_run","method_family; expand dataset views and controlled ablations separately"
"photo__e_n_s_j__none","photo","XM3600","tr/en","E|N|S|J","SigLIP2","equal_weight_rrf_k60","none","not_applicable","not_applicable","planned_not_run","method_family; expand dataset views and controlled ablations separately"
"photo__e_n_s_j__laya_text","photo","XM3600","tr/en","E|N|S|J","SigLIP2","equal_weight_rrf_k60","laya_text","20|50|100","50","planned_not_run","method_family; expand dataset views and controlled ablations separately"
"photo__e_n_s_j__bge_reranker_text","photo","XM3600","tr/en","E|N|S|J","SigLIP2","equal_weight_rrf_k60","bge_reranker_text","20|50|100","50","planned_not_run","method_family; expand dataset views and controlled ablations separately"
"photo__e_n_s_j__gemma4_relevance","photo","XM3600","tr/en","E|N|S|J","SigLIP2","equal_weight_rrf_k60","gemma4_relevance","20|50|100","50","planned_not_run","method_family; expand dataset views and controlled ablations separately"
"photo__b_e_n_s_j__none","photo","XM3600","tr/en","B|E|N|S|J","SigLIP2","equal_weight_rrf_k60","none","not_applicable","not_applicable","planned_not_run","method_family; expand dataset views and controlled ablations separately"
"photo__b_e_n_s_j__laya_text","photo","XM3600","tr/en","B|E|N|S|J","SigLIP2","equal_weight_rrf_k60","laya_text","20|50|100","50","planned_not_run","method_family; expand dataset views and controlled ablations separately"
"photo__b_e_n_s_j__bge_reranker_text","photo","XM3600","tr/en","B|E|N|S|J","SigLIP2","equal_weight_rrf_k60","bge_reranker_text","20|50|100","50","planned_not_run","method_family; expand dataset views and controlled ablations separately"
"photo__b_e_n_s_j__gemma4_relevance","photo","XM3600","tr/en","B|E|N|S|J","SigLIP2","equal_weight_rrf_k60","gemma4_relevance","20|50|100","50","planned_not_run","method_family; expand dataset views and controlled ablations separately"
"photo__g_e_n_s_j__none","photo","XM3600","tr/en","G|E|N|S|J","SigLIP2","equal_weight_rrf_k60","none","not_applicable","not_applicable","planned_not_run","method_family; expand dataset views and controlled ablations separately"
"photo__g_e_n_s_j__laya_text","photo","XM3600","tr/en","G|E|N|S|J","SigLIP2","equal_weight_rrf_k60","laya_text","20|50|100","50","planned_not_run","method_family; expand dataset views and controlled ablations separately"
"photo__g_e_n_s_j__bge_reranker_text","photo","XM3600","tr/en","G|E|N|S|J","SigLIP2","equal_weight_rrf_k60","bge_reranker_text","20|50|100","50","planned_not_run","method_family; expand dataset views and controlled ablations separately"
"photo__g_e_n_s_j__gemma4_relevance","photo","XM3600","tr/en","G|E|N|S|J","SigLIP2","equal_weight_rrf_k60","gemma4_relevance","20|50|100","50","planned_not_run","method_family; expand dataset views and controlled ablations separately"
"photo__b_g_e_n_s_j__none","photo","XM3600","tr/en","B|G|E|N|S|J","SigLIP2","equal_weight_rrf_k60","none","not_applicable","not_applicable","planned_not_run","method_family; expand dataset views and controlled ablations separately"
"photo__b_g_e_n_s_j__laya_text","photo","XM3600","tr/en","B|G|E|N|S|J","SigLIP2","equal_weight_rrf_k60","laya_text","20|50|100","50","planned_not_run","method_family; expand dataset views and controlled ablations separately"
"photo__b_g_e_n_s_j__bge_reranker_text","photo","XM3600","tr/en","B|G|E|N|S|J","SigLIP2","equal_weight_rrf_k60","bge_reranker_text","20|50|100","50","planned_not_run","method_family; expand dataset views and controlled ablations separately"
"photo__b_g_e_n_s_j__gemma4_relevance","photo","XM3600","tr/en","B|G|E|N|S|J","SigLIP2","equal_weight_rrf_k60","gemma4_relevance","20|50|100","50","planned_not_run","method_family; expand dataset views and controlled ablations separately"
"document__b__none","document","ViDoRe V3 public","8 separate corpora / original + official language views","B","none","identity","none","not_applicable","not_applicable","planned_not_run","method_family; expand dataset views and controlled ablations separately"
"document__b__laya_text","document","ViDoRe V3 public","8 separate corpora / original + official language views","B","none","identity","laya_text","20|50|100","50","planned_not_run","method_family; expand dataset views and controlled ablations separately"
"document__b__bge_reranker_text","document","ViDoRe V3 public","8 separate corpora / original + official language views","B","none","identity","bge_reranker_text","20|50|100","50","planned_not_run","method_family; expand dataset views and controlled ablations separately"
"document__b__gemma4_relevance","document","ViDoRe V3 public","8 separate corpora / original + official language views","B","none","identity","gemma4_relevance","20|50|100","50","planned_not_run","method_family; expand dataset views and controlled ablations separately"
"document__g__none","document","ViDoRe V3 public","8 separate corpora / original + official language views","G","none","identity","none","not_applicable","not_applicable","planned_not_run","method_family; expand dataset views and controlled ablations separately"
"document__g__laya_text","document","ViDoRe V3 public","8 separate corpora / original + official language views","G","none","identity","laya_text","20|50|100","50","planned_not_run","method_family; expand dataset views and controlled ablations separately"
"document__g__bge_reranker_text","document","ViDoRe V3 public","8 separate corpora / original + official language views","G","none","identity","bge_reranker_text","20|50|100","50","planned_not_run","method_family; expand dataset views and controlled ablations separately"
"document__g__gemma4_relevance","document","ViDoRe V3 public","8 separate corpora / original + official language views","G","none","identity","gemma4_relevance","20|50|100","50","planned_not_run","method_family; expand dataset views and controlled ablations separately"
"document__b_g__none","document","ViDoRe V3 public","8 separate corpora / original + official language views","B|G","none","equal_weight_rrf_k60","none","not_applicable","not_applicable","planned_not_run","method_family; expand dataset views and controlled ablations separately"
"document__b_g__laya_text","document","ViDoRe V3 public","8 separate corpora / original + official language views","B|G","none","equal_weight_rrf_k60","laya_text","20|50|100","50","planned_not_run","method_family; expand dataset views and controlled ablations separately"
"document__b_g__bge_reranker_text","document","ViDoRe V3 public","8 separate corpora / original + official language views","B|G","none","equal_weight_rrf_k60","bge_reranker_text","20|50|100","50","planned_not_run","method_family; expand dataset views and controlled ablations separately"
"document__b_g__gemma4_relevance","document","ViDoRe V3 public","8 separate corpora / original + official language views","B|G","none","equal_weight_rrf_k60","gemma4_relevance","20|50|100","50","planned_not_run","method_family; expand dataset views and controlled ablations separately"
"document__e__none","document","ViDoRe V3 public","8 separate corpora / original + official language views","E","none","identity","none","not_applicable","not_applicable","planned_not_run","method_family; expand dataset views and controlled ablations separately"
"document__e__laya_text","document","ViDoRe V3 public","8 separate corpora / original + official language views","E","none","identity","laya_text","20|50|100","50","planned_not_run","method_family; expand dataset views and controlled ablations separately"
"document__e__bge_reranker_text","document","ViDoRe V3 public","8 separate corpora / original + official language views","E","none","identity","bge_reranker_text","20|50|100","50","planned_not_run","method_family; expand dataset views and controlled ablations separately"
"document__e__gemma4_relevance","document","ViDoRe V3 public","8 separate corpora / original + official language views","E","none","identity","gemma4_relevance","20|50|100","50","planned_not_run","method_family; expand dataset views and controlled ablations separately"
"document__b_e__none","document","ViDoRe V3 public","8 separate corpora / original + official language views","B|E","none","equal_weight_rrf_k60","none","not_applicable","not_applicable","planned_not_run","method_family; expand dataset views and controlled ablations separately"
"document__b_e__laya_text","document","ViDoRe V3 public","8 separate corpora / original + official language views","B|E","none","equal_weight_rrf_k60","laya_text","20|50|100","50","planned_not_run","method_family; expand dataset views and controlled ablations separately"
"document__b_e__bge_reranker_text","document","ViDoRe V3 public","8 separate corpora / original + official language views","B|E","none","equal_weight_rrf_k60","bge_reranker_text","20|50|100","50","planned_not_run","method_family; expand dataset views and controlled ablations separately"
"document__b_e__gemma4_relevance","document","ViDoRe V3 public","8 separate corpora / original + official language views","B|E","none","equal_weight_rrf_k60","gemma4_relevance","20|50|100","50","planned_not_run","method_family; expand dataset views and controlled ablations separately"
"document__g_e__none","document","ViDoRe V3 public","8 separate corpora / original + official language views","G|E","none","equal_weight_rrf_k60","none","not_applicable","not_applicable","planned_not_run","method_family; expand dataset views and controlled ablations separately"
"document__g_e__laya_text","document","ViDoRe V3 public","8 separate corpora / original + official language views","G|E","none","equal_weight_rrf_k60","laya_text","20|50|100","50","planned_not_run","method_family; expand dataset views and controlled ablations separately"
"document__g_e__bge_reranker_text","document","ViDoRe V3 public","8 separate corpora / original + official language views","G|E","none","equal_weight_rrf_k60","bge_reranker_text","20|50|100","50","planned_not_run","method_family; expand dataset views and controlled ablations separately"
"document__g_e__gemma4_relevance","document","ViDoRe V3 public","8 separate corpora / original + official language views","G|E","none","equal_weight_rrf_k60","gemma4_relevance","20|50|100","50","planned_not_run","method_family; expand dataset views and controlled ablations separately"
"document__b_g_e__none","document","ViDoRe V3 public","8 separate corpora / original + official language views","B|G|E","none","equal_weight_rrf_k60","none","not_applicable","not_applicable","planned_not_run","method_family; expand dataset views and controlled ablations separately"
"document__b_g_e__laya_text","document","ViDoRe V3 public","8 separate corpora / original + official language views","B|G|E","none","equal_weight_rrf_k60","laya_text","20|50|100","50","planned_not_run","method_family; expand dataset views and controlled ablations separately"
"document__b_g_e__bge_reranker_text","document","ViDoRe V3 public","8 separate corpora / original + official language views","B|G|E","none","equal_weight_rrf_k60","bge_reranker_text","20|50|100","50","planned_not_run","method_family; expand dataset views and controlled ablations separately"
"document__b_g_e__gemma4_relevance","document","ViDoRe V3 public","8 separate corpora / original + official language views","B|G|E","none","equal_weight_rrf_k60","gemma4_relevance","20|50|100","50","planned_not_run","method_family; expand dataset views and controlled ablations separately"
"document__n__none","document","ViDoRe V3 public","8 separate corpora / original + official language views","N","none","identity","none","not_applicable","not_applicable","planned_not_run","method_family; expand dataset views and controlled ablations separately"
"document__n__laya_text","document","ViDoRe V3 public","8 separate corpora / original + official language views","N","none","identity","laya_text","20|50|100","50","planned_not_run","method_family; expand dataset views and controlled ablations separately"
"document__n__bge_reranker_text","document","ViDoRe V3 public","8 separate corpora / original + official language views","N","none","identity","bge_reranker_text","20|50|100","50","planned_not_run","method_family; expand dataset views and controlled ablations separately"
"document__n__gemma4_relevance","document","ViDoRe V3 public","8 separate corpora / original + official language views","N","none","identity","gemma4_relevance","20|50|100","50","planned_not_run","method_family; expand dataset views and controlled ablations separately"
"document__b_n__none","document","ViDoRe V3 public","8 separate corpora / original + official language views","B|N","none","equal_weight_rrf_k60","none","not_applicable","not_applicable","planned_not_run","method_family; expand dataset views and controlled ablations separately"
"document__b_n__laya_text","document","ViDoRe V3 public","8 separate corpora / original + official language views","B|N","none","equal_weight_rrf_k60","laya_text","20|50|100","50","planned_not_run","method_family; expand dataset views and controlled ablations separately"
"document__b_n__bge_reranker_text","document","ViDoRe V3 public","8 separate corpora / original + official language views","B|N","none","equal_weight_rrf_k60","bge_reranker_text","20|50|100","50","planned_not_run","method_family; expand dataset views and controlled ablations separately"
"document__b_n__gemma4_relevance","document","ViDoRe V3 public","8 separate corpora / original + official language views","B|N","none","equal_weight_rrf_k60","gemma4_relevance","20|50|100","50","planned_not_run","method_family; expand dataset views and controlled ablations separately"
"document__g_n__none","document","ViDoRe V3 public","8 separate corpora / original + official language views","G|N","none","equal_weight_rrf_k60","none","not_applicable","not_applicable","planned_not_run","method_family; expand dataset views and controlled ablations separately"
"document__g_n__laya_text","document","ViDoRe V3 public","8 separate corpora / original + official language views","G|N","none","equal_weight_rrf_k60","laya_text","20|50|100","50","planned_not_run","method_family; expand dataset views and controlled ablations separately"
"document__g_n__bge_reranker_text","document","ViDoRe V3 public","8 separate corpora / original + official language views","G|N","none","equal_weight_rrf_k60","bge_reranker_text","20|50|100","50","planned_not_run","method_family; expand dataset views and controlled ablations separately"
"document__g_n__gemma4_relevance","document","ViDoRe V3 public","8 separate corpora / original + official language views","G|N","none","equal_weight_rrf_k60","gemma4_relevance","20|50|100","50","planned_not_run","method_family; expand dataset views and controlled ablations separately"
"document__b_g_n__none","document","ViDoRe V3 public","8 separate corpora / original + official language views","B|G|N","none","equal_weight_rrf_k60","none","not_applicable","not_applicable","planned_not_run","method_family; expand dataset views and controlled ablations separately"
"document__b_g_n__laya_text","document","ViDoRe V3 public","8 separate corpora / original + official language views","B|G|N","none","equal_weight_rrf_k60","laya_text","20|50|100","50","planned_not_run","method_family; expand dataset views and controlled ablations separately"
"document__b_g_n__bge_reranker_text","document","ViDoRe V3 public","8 separate corpora / original + official language views","B|G|N","none","equal_weight_rrf_k60","bge_reranker_text","20|50|100","50","planned_not_run","method_family; expand dataset views and controlled ablations separately"
"document__b_g_n__gemma4_relevance","document","ViDoRe V3 public","8 separate corpora / original + official language views","B|G|N","none","equal_weight_rrf_k60","gemma4_relevance","20|50|100","50","planned_not_run","method_family; expand dataset views and controlled ablations separately"
"document__e_n__none","document","ViDoRe V3 public","8 separate corpora / original + official language views","E|N","none","equal_weight_rrf_k60","none","not_applicable","not_applicable","planned_not_run","method_family; expand dataset views and controlled ablations separately"
"document__e_n__laya_text","document","ViDoRe V3 public","8 separate corpora / original + official language views","E|N","none","equal_weight_rrf_k60","laya_text","20|50|100","50","planned_not_run","method_family; expand dataset views and controlled ablations separately"
"document__e_n__bge_reranker_text","document","ViDoRe V3 public","8 separate corpora / original + official language views","E|N","none","equal_weight_rrf_k60","bge_reranker_text","20|50|100","50","planned_not_run","method_family; expand dataset views and controlled ablations separately"
"document__e_n__gemma4_relevance","document","ViDoRe V3 public","8 separate corpora / original + official language views","E|N","none","equal_weight_rrf_k60","gemma4_relevance","20|50|100","50","planned_not_run","method_family; expand dataset views and controlled ablations separately"
"document__b_e_n__none","document","ViDoRe V3 public","8 separate corpora / original + official language views","B|E|N","none","equal_weight_rrf_k60","none","not_applicable","not_applicable","planned_not_run","method_family; expand dataset views and controlled ablations separately"
"document__b_e_n__laya_text","document","ViDoRe V3 public","8 separate corpora / original + official language views","B|E|N","none","equal_weight_rrf_k60","laya_text","20|50|100","50","planned_not_run","method_family; expand dataset views and controlled ablations separately"
"document__b_e_n__bge_reranker_text","document","ViDoRe V3 public","8 separate corpora / original + official language views","B|E|N","none","equal_weight_rrf_k60","bge_reranker_text","20|50|100","50","planned_not_run","method_family; expand dataset views and controlled ablations separately"
"document__b_e_n__gemma4_relevance","document","ViDoRe V3 public","8 separate corpora / original + official language views","B|E|N","none","equal_weight_rrf_k60","gemma4_relevance","20|50|100","50","planned_not_run","method_family; expand dataset views and controlled ablations separately"
"document__g_e_n__none","document","ViDoRe V3 public","8 separate corpora / original + official language views","G|E|N","none","equal_weight_rrf_k60","none","not_applicable","not_applicable","planned_not_run","method_family; expand dataset views and controlled ablations separately"
"document__g_e_n__laya_text","document","ViDoRe V3 public","8 separate corpora / original + official language views","G|E|N","none","equal_weight_rrf_k60","laya_text","20|50|100","50","planned_not_run","method_family; expand dataset views and controlled ablations separately"
"document__g_e_n__bge_reranker_text","document","ViDoRe V3 public","8 separate corpora / original + official language views","G|E|N","none","equal_weight_rrf_k60","bge_reranker_text","20|50|100","50","planned_not_run","method_family; expand dataset views and controlled ablations separately"
"document__g_e_n__gemma4_relevance","document","ViDoRe V3 public","8 separate corpora / original + official language views","G|E|N","none","equal_weight_rrf_k60","gemma4_relevance","20|50|100","50","planned_not_run","method_family; expand dataset views and controlled ablations separately"
"document__b_g_e_n__none","document","ViDoRe V3 public","8 separate corpora / original + official language views","B|G|E|N","none","equal_weight_rrf_k60","none","not_applicable","not_applicable","planned_not_run","method_family; expand dataset views and controlled ablations separately"
"document__b_g_e_n__laya_text","document","ViDoRe V3 public","8 separate corpora / original + official language views","B|G|E|N","none","equal_weight_rrf_k60","laya_text","20|50|100","50","planned_not_run","method_family; expand dataset views and controlled ablations separately"
"document__b_g_e_n__bge_reranker_text","document","ViDoRe V3 public","8 separate corpora / original + official language views","B|G|E|N","none","equal_weight_rrf_k60","bge_reranker_text","20|50|100","50","planned_not_run","method_family; expand dataset views and controlled ablations separately"
"document__b_g_e_n__gemma4_relevance","document","ViDoRe V3 public","8 separate corpora / original + official language views","B|G|E|N","none","equal_weight_rrf_k60","gemma4_relevance","20|50|100","50","planned_not_run","method_family; expand dataset views and controlled ablations separately"
"document__s__none","document","ViDoRe V3 public","8 separate corpora / original + official language views","S","ColQwen2.5","identity","none","not_applicable","not_applicable","planned_not_run","method_family; expand dataset views and controlled ablations separately"
"document__s__laya_text","document","ViDoRe V3 public","8 separate corpora / original + official language views","S","ColQwen2.5","identity","laya_text","20|50|100","50","planned_not_run","method_family; expand dataset views and controlled ablations separately"
"document__s__bge_reranker_text","document","ViDoRe V3 public","8 separate corpora / original + official language views","S","ColQwen2.5","identity","bge_reranker_text","20|50|100","50","planned_not_run","method_family; expand dataset views and controlled ablations separately"
"document__s__gemma4_relevance","document","ViDoRe V3 public","8 separate corpora / original + official language views","S","ColQwen2.5","identity","gemma4_relevance","20|50|100","50","planned_not_run","method_family; expand dataset views and controlled ablations separately"
"document__b_s__none","document","ViDoRe V3 public","8 separate corpora / original + official language views","B|S","ColQwen2.5","equal_weight_rrf_k60","none","not_applicable","not_applicable","planned_not_run","method_family; expand dataset views and controlled ablations separately"
"document__b_s__laya_text","document","ViDoRe V3 public","8 separate corpora / original + official language views","B|S","ColQwen2.5","equal_weight_rrf_k60","laya_text","20|50|100","50","planned_not_run","method_family; expand dataset views and controlled ablations separately"
"document__b_s__bge_reranker_text","document","ViDoRe V3 public","8 separate corpora / original + official language views","B|S","ColQwen2.5","equal_weight_rrf_k60","bge_reranker_text","20|50|100","50","planned_not_run","method_family; expand dataset views and controlled ablations separately"
"document__b_s__gemma4_relevance","document","ViDoRe V3 public","8 separate corpora / original + official language views","B|S","ColQwen2.5","equal_weight_rrf_k60","gemma4_relevance","20|50|100","50","planned_not_run","method_family; expand dataset views and controlled ablations separately"
"document__g_s__none","document","ViDoRe V3 public","8 separate corpora / original + official language views","G|S","ColQwen2.5","equal_weight_rrf_k60","none","not_applicable","not_applicable","planned_not_run","method_family; expand dataset views and controlled ablations separately"
"document__g_s__laya_text","document","ViDoRe V3 public","8 separate corpora / original + official language views","G|S","ColQwen2.5","equal_weight_rrf_k60","laya_text","20|50|100","50","planned_not_run","method_family; expand dataset views and controlled ablations separately"
"document__g_s__bge_reranker_text","document","ViDoRe V3 public","8 separate corpora / original + official language views","G|S","ColQwen2.5","equal_weight_rrf_k60","bge_reranker_text","20|50|100","50","planned_not_run","method_family; expand dataset views and controlled ablations separately"
"document__g_s__gemma4_relevance","document","ViDoRe V3 public","8 separate corpora / original + official language views","G|S","ColQwen2.5","equal_weight_rrf_k60","gemma4_relevance","20|50|100","50","planned_not_run","method_family; expand dataset views and controlled ablations separately"
"document__b_g_s__none","document","ViDoRe V3 public","8 separate corpora / original + official language views","B|G|S","ColQwen2.5","equal_weight_rrf_k60","none","not_applicable","not_applicable","planned_not_run","method_family; expand dataset views and controlled ablations separately"
"document__b_g_s__laya_text","document","ViDoRe V3 public","8 separate corpora / original + official language views","B|G|S","ColQwen2.5","equal_weight_rrf_k60","laya_text","20|50|100","50","planned_not_run","method_family; expand dataset views and controlled ablations separately"
"document__b_g_s__bge_reranker_text","document","ViDoRe V3 public","8 separate corpora / original + official language views","B|G|S","ColQwen2.5","equal_weight_rrf_k60","bge_reranker_text","20|50|100","50","planned_not_run","method_family; expand dataset views and controlled ablations separately"
"document__b_g_s__gemma4_relevance","document","ViDoRe V3 public","8 separate corpora / original + official language views","B|G|S","ColQwen2.5","equal_weight_rrf_k60","gemma4_relevance","20|50|100","50","planned_not_run","method_family; expand dataset views and controlled ablations separately"
"document__e_s__none","document","ViDoRe V3 public","8 separate corpora / original + official language views","E|S","ColQwen2.5","equal_weight_rrf_k60","none","not_applicable","not_applicable","planned_not_run","method_family; expand dataset views and controlled ablations separately"
"document__e_s__laya_text","document","ViDoRe V3 public","8 separate corpora / original + official language views","E|S","ColQwen2.5","equal_weight_rrf_k60","laya_text","20|50|100","50","planned_not_run","method_family; expand dataset views and controlled ablations separately"
"document__e_s__bge_reranker_text","document","ViDoRe V3 public","8 separate corpora / original + official language views","E|S","ColQwen2.5","equal_weight_rrf_k60","bge_reranker_text","20|50|100","50","planned_not_run","method_family; expand dataset views and controlled ablations separately"
"document__e_s__gemma4_relevance","document","ViDoRe V3 public","8 separate corpora / original + official language views","E|S","ColQwen2.5","equal_weight_rrf_k60","gemma4_relevance","20|50|100","50","planned_not_run","method_family; expand dataset views and controlled ablations separately"
"document__b_e_s__none","document","ViDoRe V3 public","8 separate corpora / original + official language views","B|E|S","ColQwen2.5","equal_weight_rrf_k60","none","not_applicable","not_applicable","planned_not_run","method_family; expand dataset views and controlled ablations separately"
"document__b_e_s__laya_text","document","ViDoRe V3 public","8 separate corpora / original + official language views","B|E|S","ColQwen2.5","equal_weight_rrf_k60","laya_text","20|50|100","50","planned_not_run","method_family; expand dataset views and controlled ablations separately"
"document__b_e_s__bge_reranker_text","document","ViDoRe V3 public","8 separate corpora / original + official language views","B|E|S","ColQwen2.5","equal_weight_rrf_k60","bge_reranker_text","20|50|100","50","planned_not_run","method_family; expand dataset views and controlled ablations separately"
"document__b_e_s__gemma4_relevance","document","ViDoRe V3 public","8 separate corpora / original + official language views","B|E|S","ColQwen2.5","equal_weight_rrf_k60","gemma4_relevance","20|50|100","50","planned_not_run","method_family; expand dataset views and controlled ablations separately"
"document__g_e_s__none","document","ViDoRe V3 public","8 separate corpora / original + official language views","G|E|S","ColQwen2.5","equal_weight_rrf_k60","none","not_applicable","not_applicable","planned_not_run","method_family; expand dataset views and controlled ablations separately"
"document__g_e_s__laya_text","document","ViDoRe V3 public","8 separate corpora / original + official language views","G|E|S","ColQwen2.5","equal_weight_rrf_k60","laya_text","20|50|100","50","planned_not_run","method_family; expand dataset views and controlled ablations separately"
"document__g_e_s__bge_reranker_text","document","ViDoRe V3 public","8 separate corpora / original + official language views","G|E|S","ColQwen2.5","equal_weight_rrf_k60","bge_reranker_text","20|50|100","50","planned_not_run","method_family; expand dataset views and controlled ablations separately"
"document__g_e_s__gemma4_relevance","document","ViDoRe V3 public","8 separate corpora / original + official language views","G|E|S","ColQwen2.5","equal_weight_rrf_k60","gemma4_relevance","20|50|100","50","planned_not_run","method_family; expand dataset views and controlled ablations separately"
"document__b_g_e_s__none","document","ViDoRe V3 public","8 separate corpora / original + official language views","B|G|E|S","ColQwen2.5","equal_weight_rrf_k60","none","not_applicable","not_applicable","planned_not_run","method_family; expand dataset views and controlled ablations separately"
"document__b_g_e_s__laya_text","document","ViDoRe V3 public","8 separate corpora / original + official language views","B|G|E|S","ColQwen2.5","equal_weight_rrf_k60","laya_text","20|50|100","50","planned_not_run","method_family; expand dataset views and controlled ablations separately"
"document__b_g_e_s__bge_reranker_text","document","ViDoRe V3 public","8 separate corpora / original + official language views","B|G|E|S","ColQwen2.5","equal_weight_rrf_k60","bge_reranker_text","20|50|100","50","planned_not_run","method_family; expand dataset views and controlled ablations separately"
"document__b_g_e_s__gemma4_relevance","document","ViDoRe V3 public","8 separate corpora / original + official language views","B|G|E|S","ColQwen2.5","equal_weight_rrf_k60","gemma4_relevance","20|50|100","50","planned_not_run","method_family; expand dataset views and controlled ablations separately"
"document__n_s__none","document","ViDoRe V3 public","8 separate corpora / original + official language views","N|S","ColQwen2.5","equal_weight_rrf_k60","none","not_applicable","not_applicable","planned_not_run","method_family; expand dataset views and controlled ablations separately"
"document__n_s__laya_text","document","ViDoRe V3 public","8 separate corpora / original + official language views","N|S","ColQwen2.5","equal_weight_rrf_k60","laya_text","20|50|100","50","planned_not_run","method_family; expand dataset views and controlled ablations separately"
"document__n_s__bge_reranker_text","document","ViDoRe V3 public","8 separate corpora / original + official language views","N|S","ColQwen2.5","equal_weight_rrf_k60","bge_reranker_text","20|50|100","50","planned_not_run","method_family; expand dataset views and controlled ablations separately"
"document__n_s__gemma4_relevance","document","ViDoRe V3 public","8 separate corpora / original + official language views","N|S","ColQwen2.5","equal_weight_rrf_k60","gemma4_relevance","20|50|100","50","planned_not_run","method_family; expand dataset views and controlled ablations separately"
"document__b_n_s__none","document","ViDoRe V3 public","8 separate corpora / original + official language views","B|N|S","ColQwen2.5","equal_weight_rrf_k60","none","not_applicable","not_applicable","planned_not_run","method_family; expand dataset views and controlled ablations separately"
"document__b_n_s__laya_text","document","ViDoRe V3 public","8 separate corpora / original + official language views","B|N|S","ColQwen2.5","equal_weight_rrf_k60","laya_text","20|50|100","50","planned_not_run","method_family; expand dataset views and controlled ablations separately"
"document__b_n_s__bge_reranker_text","document","ViDoRe V3 public","8 separate corpora / original + official language views","B|N|S","ColQwen2.5","equal_weight_rrf_k60","bge_reranker_text","20|50|100","50","planned_not_run","method_family; expand dataset views and controlled ablations separately"
"document__b_n_s__gemma4_relevance","document","ViDoRe V3 public","8 separate corpora / original + official language views","B|N|S","ColQwen2.5","equal_weight_rrf_k60","gemma4_relevance","20|50|100","50","planned_not_run","method_family; expand dataset views and controlled ablations separately"
"document__g_n_s__none","document","ViDoRe V3 public","8 separate corpora / original + official language views","G|N|S","ColQwen2.5","equal_weight_rrf_k60","none","not_applicable","not_applicable","planned_not_run","method_family; expand dataset views and controlled ablations separately"
"document__g_n_s__laya_text","document","ViDoRe V3 public","8 separate corpora / original + official language views","G|N|S","ColQwen2.5","equal_weight_rrf_k60","laya_text","20|50|100","50","planned_not_run","method_family; expand dataset views and controlled ablations separately"
"document__g_n_s__bge_reranker_text","document","ViDoRe V3 public","8 separate corpora / original + official language views","G|N|S","ColQwen2.5","equal_weight_rrf_k60","bge_reranker_text","20|50|100","50","planned_not_run","method_family; expand dataset views and controlled ablations separately"
"document__g_n_s__gemma4_relevance","document","ViDoRe V3 public","8 separate corpora / original + official language views","G|N|S","ColQwen2.5","equal_weight_rrf_k60","gemma4_relevance","20|50|100","50","planned_not_run","method_family; expand dataset views and controlled ablations separately"
"document__b_g_n_s__none","document","ViDoRe V3 public","8 separate corpora / original + official language views","B|G|N|S","ColQwen2.5","equal_weight_rrf_k60","none","not_applicable","not_applicable","planned_not_run","method_family; expand dataset views and controlled ablations separately"
"document__b_g_n_s__laya_text","document","ViDoRe V3 public","8 separate corpora / original + official language views","B|G|N|S","ColQwen2.5","equal_weight_rrf_k60","laya_text","20|50|100","50","planned_not_run","method_family; expand dataset views and controlled ablations separately"
"document__b_g_n_s__bge_reranker_text","document","ViDoRe V3 public","8 separate corpora / original + official language views","B|G|N|S","ColQwen2.5","equal_weight_rrf_k60","bge_reranker_text","20|50|100","50","planned_not_run","method_family; expand dataset views and controlled ablations separately"
"document__b_g_n_s__gemma4_relevance","document","ViDoRe V3 public","8 separate corpora / original + official language views","B|G|N|S","ColQwen2.5","equal_weight_rrf_k60","gemma4_relevance","20|50|100","50","planned_not_run","method_family; expand dataset views and controlled ablations separately"
"document__e_n_s__none","document","ViDoRe V3 public","8 separate corpora / original + official language views","E|N|S","ColQwen2.5","equal_weight_rrf_k60","none","not_applicable","not_applicable","planned_not_run","method_family; expand dataset views and controlled ablations separately"
"document__e_n_s__laya_text","document","ViDoRe V3 public","8 separate corpora / original + official language views","E|N|S","ColQwen2.5","equal_weight_rrf_k60","laya_text","20|50|100","50","planned_not_run","method_family; expand dataset views and controlled ablations separately"
"document__e_n_s__bge_reranker_text","document","ViDoRe V3 public","8 separate corpora / original + official language views","E|N|S","ColQwen2.5","equal_weight_rrf_k60","bge_reranker_text","20|50|100","50","planned_not_run","method_family; expand dataset views and controlled ablations separately"
"document__e_n_s__gemma4_relevance","document","ViDoRe V3 public","8 separate corpora / original + official language views","E|N|S","ColQwen2.5","equal_weight_rrf_k60","gemma4_relevance","20|50|100","50","planned_not_run","method_family; expand dataset views and controlled ablations separately"
"document__b_e_n_s__none","document","ViDoRe V3 public","8 separate corpora / original + official language views","B|E|N|S","ColQwen2.5","equal_weight_rrf_k60","none","not_applicable","not_applicable","planned_not_run","method_family; expand dataset views and controlled ablations separately"
"document__b_e_n_s__laya_text","document","ViDoRe V3 public","8 separate corpora / original + official language views","B|E|N|S","ColQwen2.5","equal_weight_rrf_k60","laya_text","20|50|100","50","planned_not_run","method_family; expand dataset views and controlled ablations separately"
"document__b_e_n_s__bge_reranker_text","document","ViDoRe V3 public","8 separate corpora / original + official language views","B|E|N|S","ColQwen2.5","equal_weight_rrf_k60","bge_reranker_text","20|50|100","50","planned_not_run","method_family; expand dataset views and controlled ablations separately"
"document__b_e_n_s__gemma4_relevance","document","ViDoRe V3 public","8 separate corpora / original + official language views","B|E|N|S","ColQwen2.5","equal_weight_rrf_k60","gemma4_relevance","20|50|100","50","planned_not_run","method_family; expand dataset views and controlled ablations separately"
"document__g_e_n_s__none","document","ViDoRe V3 public","8 separate corpora / original + official language views","G|E|N|S","ColQwen2.5","equal_weight_rrf_k60","none","not_applicable","not_applicable","planned_not_run","method_family; expand dataset views and controlled ablations separately"
"document__g_e_n_s__laya_text","document","ViDoRe V3 public","8 separate corpora / original + official language views","G|E|N|S","ColQwen2.5","equal_weight_rrf_k60","laya_text","20|50|100","50","planned_not_run","method_family; expand dataset views and controlled ablations separately"
"document__g_e_n_s__bge_reranker_text","document","ViDoRe V3 public","8 separate corpora / original + official language views","G|E|N|S","ColQwen2.5","equal_weight_rrf_k60","bge_reranker_text","20|50|100","50","planned_not_run","method_family; expand dataset views and controlled ablations separately"
"document__g_e_n_s__gemma4_relevance","document","ViDoRe V3 public","8 separate corpora / original + official language views","G|E|N|S","ColQwen2.5","equal_weight_rrf_k60","gemma4_relevance","20|50|100","50","planned_not_run","method_family; expand dataset views and controlled ablations separately"
"document__b_g_e_n_s__none","document","ViDoRe V3 public","8 separate corpora / original + official language views","B|G|E|N|S","ColQwen2.5","equal_weight_rrf_k60","none","not_applicable","not_applicable","planned_not_run","method_family; expand dataset views and controlled ablations separately"
"document__b_g_e_n_s__laya_text","document","ViDoRe V3 public","8 separate corpora / original + official language views","B|G|E|N|S","ColQwen2.5","equal_weight_rrf_k60","laya_text","20|50|100","50","planned_not_run","method_family; expand dataset views and controlled ablations separately"
"document__b_g_e_n_s__bge_reranker_text","document","ViDoRe V3 public","8 separate corpora / original + official language views","B|G|E|N|S","ColQwen2.5","equal_weight_rrf_k60","bge_reranker_text","20|50|100","50","planned_not_run","method_family; expand dataset views and controlled ablations separately"
"document__b_g_e_n_s__gemma4_relevance","document","ViDoRe V3 public","8 separate corpora / original + official language views","B|G|E|N|S","ColQwen2.5","equal_weight_rrf_k60","gemma4_relevance","20|50|100","50","planned_not_run","method_family; expand dataset views and controlled ablations separately"
"document__j__none","document","ViDoRe V3 public","8 separate corpora / original + official language views","J","none","identity","none","not_applicable","not_applicable","planned_not_run","method_family; expand dataset views and controlled ablations separately"
"document__j__laya_text","document","ViDoRe V3 public","8 separate corpora / original + official language views","J","none","identity","laya_text","20|50|100","50","planned_not_run","method_family; expand dataset views and controlled ablations separately"
"document__j__bge_reranker_text","document","ViDoRe V3 public","8 separate corpora / original + official language views","J","none","identity","bge_reranker_text","20|50|100","50","planned_not_run","method_family; expand dataset views and controlled ablations separately"
"document__j__gemma4_relevance","document","ViDoRe V3 public","8 separate corpora / original + official language views","J","none","identity","gemma4_relevance","20|50|100","50","planned_not_run","method_family; expand dataset views and controlled ablations separately"
"document__b_j__none","document","ViDoRe V3 public","8 separate corpora / original + official language views","B|J","none","equal_weight_rrf_k60","none","not_applicable","not_applicable","planned_not_run","method_family; expand dataset views and controlled ablations separately"
"document__b_j__laya_text","document","ViDoRe V3 public","8 separate corpora / original + official language views","B|J","none","equal_weight_rrf_k60","laya_text","20|50|100","50","planned_not_run","method_family; expand dataset views and controlled ablations separately"
"document__b_j__bge_reranker_text","document","ViDoRe V3 public","8 separate corpora / original + official language views","B|J","none","equal_weight_rrf_k60","bge_reranker_text","20|50|100","50","planned_not_run","method_family; expand dataset views and controlled ablations separately"
"document__b_j__gemma4_relevance","document","ViDoRe V3 public","8 separate corpora / original + official language views","B|J","none","equal_weight_rrf_k60","gemma4_relevance","20|50|100","50","planned_not_run","method_family; expand dataset views and controlled ablations separately"
"document__g_j__none","document","ViDoRe V3 public","8 separate corpora / original + official language views","G|J","none","equal_weight_rrf_k60","none","not_applicable","not_applicable","planned_not_run","method_family; expand dataset views and controlled ablations separately"
"document__g_j__laya_text","document","ViDoRe V3 public","8 separate corpora / original + official language views","G|J","none","equal_weight_rrf_k60","laya_text","20|50|100","50","planned_not_run","method_family; expand dataset views and controlled ablations separately"
"document__g_j__bge_reranker_text","document","ViDoRe V3 public","8 separate corpora / original + official language views","G|J","none","equal_weight_rrf_k60","bge_reranker_text","20|50|100","50","planned_not_run","method_family; expand dataset views and controlled ablations separately"
"document__g_j__gemma4_relevance","document","ViDoRe V3 public","8 separate corpora / original + official language views","G|J","none","equal_weight_rrf_k60","gemma4_relevance","20|50|100","50","planned_not_run","method_family; expand dataset views and controlled ablations separately"
"document__b_g_j__none","document","ViDoRe V3 public","8 separate corpora / original + official language views","B|G|J","none","equal_weight_rrf_k60","none","not_applicable","not_applicable","planned_not_run","method_family; expand dataset views and controlled ablations separately"
"document__b_g_j__laya_text","document","ViDoRe V3 public","8 separate corpora / original + official language views","B|G|J","none","equal_weight_rrf_k60","laya_text","20|50|100","50","planned_not_run","method_family; expand dataset views and controlled ablations separately"
"document__b_g_j__bge_reranker_text","document","ViDoRe V3 public","8 separate corpora / original + official language views","B|G|J","none","equal_weight_rrf_k60","bge_reranker_text","20|50|100","50","planned_not_run","method_family; expand dataset views and controlled ablations separately"
"document__b_g_j__gemma4_relevance","document","ViDoRe V3 public","8 separate corpora / original + official language views","B|G|J","none","equal_weight_rrf_k60","gemma4_relevance","20|50|100","50","planned_not_run","method_family; expand dataset views and controlled ablations separately"
"document__e_j__none","document","ViDoRe V3 public","8 separate corpora / original + official language views","E|J","none","equal_weight_rrf_k60","none","not_applicable","not_applicable","planned_not_run","method_family; expand dataset views and controlled ablations separately"
"document__e_j__laya_text","document","ViDoRe V3 public","8 separate corpora / original + official language views","E|J","none","equal_weight_rrf_k60","laya_text","20|50|100","50","planned_not_run","method_family; expand dataset views and controlled ablations separately"
"document__e_j__bge_reranker_text","document","ViDoRe V3 public","8 separate corpora / original + official language views","E|J","none","equal_weight_rrf_k60","bge_reranker_text","20|50|100","50","planned_not_run","method_family; expand dataset views and controlled ablations separately"
"document__e_j__gemma4_relevance","document","ViDoRe V3 public","8 separate corpora / original + official language views","E|J","none","equal_weight_rrf_k60","gemma4_relevance","20|50|100","50","planned_not_run","method_family; expand dataset views and controlled ablations separately"
"document__b_e_j__none","document","ViDoRe V3 public","8 separate corpora / original + official language views","B|E|J","none","equal_weight_rrf_k60","none","not_applicable","not_applicable","planned_not_run","method_family; expand dataset views and controlled ablations separately"
"document__b_e_j__laya_text","document","ViDoRe V3 public","8 separate corpora / original + official language views","B|E|J","none","equal_weight_rrf_k60","laya_text","20|50|100","50","planned_not_run","method_family; expand dataset views and controlled ablations separately"
"document__b_e_j__bge_reranker_text","document","ViDoRe V3 public","8 separate corpora / original + official language views","B|E|J","none","equal_weight_rrf_k60","bge_reranker_text","20|50|100","50","planned_not_run","method_family; expand dataset views and controlled ablations separately"
"document__b_e_j__gemma4_relevance","document","ViDoRe V3 public","8 separate corpora / original + official language views","B|E|J","none","equal_weight_rrf_k60","gemma4_relevance","20|50|100","50","planned_not_run","method_family; expand dataset views and controlled ablations separately"
"document__g_e_j__none","document","ViDoRe V3 public","8 separate corpora / original + official language views","G|E|J","none","equal_weight_rrf_k60","none","not_applicable","not_applicable","planned_not_run","method_family; expand dataset views and controlled ablations separately"
"document__g_e_j__laya_text","document","ViDoRe V3 public","8 separate corpora / original + official language views","G|E|J","none","equal_weight_rrf_k60","laya_text","20|50|100","50","planned_not_run","method_family; expand dataset views and controlled ablations separately"
"document__g_e_j__bge_reranker_text","document","ViDoRe V3 public","8 separate corpora / original + official language views","G|E|J","none","equal_weight_rrf_k60","bge_reranker_text","20|50|100","50","planned_not_run","method_family; expand dataset views and controlled ablations separately"
"document__g_e_j__gemma4_relevance","document","ViDoRe V3 public","8 separate corpora / original + official language views","G|E|J","none","equal_weight_rrf_k60","gemma4_relevance","20|50|100","50","planned_not_run","method_family; expand dataset views and controlled ablations separately"
"document__b_g_e_j__none","document","ViDoRe V3 public","8 separate corpora / original + official language views","B|G|E|J","none","equal_weight_rrf_k60","none","not_applicable","not_applicable","planned_not_run","method_family; expand dataset views and controlled ablations separately"
"document__b_g_e_j__laya_text","document","ViDoRe V3 public","8 separate corpora / original + official language views","B|G|E|J","none","equal_weight_rrf_k60","laya_text","20|50|100","50","planned_not_run","method_family; expand dataset views and controlled ablations separately"
"document__b_g_e_j__bge_reranker_text","document","ViDoRe V3 public","8 separate corpora / original + official language views","B|G|E|J","none","equal_weight_rrf_k60","bge_reranker_text","20|50|100","50","planned_not_run","method_family; expand dataset views and controlled ablations separately"
"document__b_g_e_j__gemma4_relevance","document","ViDoRe V3 public","8 separate corpora / original + official language views","B|G|E|J","none","equal_weight_rrf_k60","gemma4_relevance","20|50|100","50","planned_not_run","method_family; expand dataset views and controlled ablations separately"
"document__n_j__none","document","ViDoRe V3 public","8 separate corpora / original + official language views","N|J","none","equal_weight_rrf_k60","none","not_applicable","not_applicable","planned_not_run","method_family; expand dataset views and controlled ablations separately"
"document__n_j__laya_text","document","ViDoRe V3 public","8 separate corpora / original + official language views","N|J","none","equal_weight_rrf_k60","laya_text","20|50|100","50","planned_not_run","method_family; expand dataset views and controlled ablations separately"
"document__n_j__bge_reranker_text","document","ViDoRe V3 public","8 separate corpora / original + official language views","N|J","none","equal_weight_rrf_k60","bge_reranker_text","20|50|100","50","planned_not_run","method_family; expand dataset views and controlled ablations separately"
"document__n_j__gemma4_relevance","document","ViDoRe V3 public","8 separate corpora / original + official language views","N|J","none","equal_weight_rrf_k60","gemma4_relevance","20|50|100","50","planned_not_run","method_family; expand dataset views and controlled ablations separately"
"document__b_n_j__none","document","ViDoRe V3 public","8 separate corpora / original + official language views","B|N|J","none","equal_weight_rrf_k60","none","not_applicable","not_applicable","planned_not_run","method_family; expand dataset views and controlled ablations separately"
"document__b_n_j__laya_text","document","ViDoRe V3 public","8 separate corpora / original + official language views","B|N|J","none","equal_weight_rrf_k60","laya_text","20|50|100","50","planned_not_run","method_family; expand dataset views and controlled ablations separately"
"document__b_n_j__bge_reranker_text","document","ViDoRe V3 public","8 separate corpora / original + official language views","B|N|J","none","equal_weight_rrf_k60","bge_reranker_text","20|50|100","50","planned_not_run","method_family; expand dataset views and controlled ablations separately"
"document__b_n_j__gemma4_relevance","document","ViDoRe V3 public","8 separate corpora / original + official language views","B|N|J","none","equal_weight_rrf_k60","gemma4_relevance","20|50|100","50","planned_not_run","method_family; expand dataset views and controlled ablations separately"
"document__g_n_j__none","document","ViDoRe V3 public","8 separate corpora / original + official language views","G|N|J","none","equal_weight_rrf_k60","none","not_applicable","not_applicable","planned_not_run","method_family; expand dataset views and controlled ablations separately"
"document__g_n_j__laya_text","document","ViDoRe V3 public","8 separate corpora / original + official language views","G|N|J","none","equal_weight_rrf_k60","laya_text","20|50|100","50","planned_not_run","method_family; expand dataset views and controlled ablations separately"
"document__g_n_j__bge_reranker_text","document","ViDoRe V3 public","8 separate corpora / original + official language views","G|N|J","none","equal_weight_rrf_k60","bge_reranker_text","20|50|100","50","planned_not_run","method_family; expand dataset views and controlled ablations separately"
"document__g_n_j__gemma4_relevance","document","ViDoRe V3 public","8 separate corpora / original + official language views","G|N|J","none","equal_weight_rrf_k60","gemma4_relevance","20|50|100","50","planned_not_run","method_family; expand dataset views and controlled ablations separately"
"document__b_g_n_j__none","document","ViDoRe V3 public","8 separate corpora / original + official language views","B|G|N|J","none","equal_weight_rrf_k60","none","not_applicable","not_applicable","planned_not_run","method_family; expand dataset views and controlled ablations separately"
"document__b_g_n_j__laya_text","document","ViDoRe V3 public","8 separate corpora / original + official language views","B|G|N|J","none","equal_weight_rrf_k60","laya_text","20|50|100","50","planned_not_run","method_family; expand dataset views and controlled ablations separately"
"document__b_g_n_j__bge_reranker_text","document","ViDoRe V3 public","8 separate corpora / original + official language views","B|G|N|J","none","equal_weight_rrf_k60","bge_reranker_text","20|50|100","50","planned_not_run","method_family; expand dataset views and controlled ablations separately"
"document__b_g_n_j__gemma4_relevance","document","ViDoRe V3 public","8 separate corpora / original + official language views","B|G|N|J","none","equal_weight_rrf_k60","gemma4_relevance","20|50|100","50","planned_not_run","method_family; expand dataset views and controlled ablations separately"
"document__e_n_j__none","document","ViDoRe V3 public","8 separate corpora / original + official language views","E|N|J","none","equal_weight_rrf_k60","none","not_applicable","not_applicable","planned_not_run","method_family; expand dataset views and controlled ablations separately"
"document__e_n_j__laya_text","document","ViDoRe V3 public","8 separate corpora / original + official language views","E|N|J","none","equal_weight_rrf_k60","laya_text","20|50|100","50","planned_not_run","method_family; expand dataset views and controlled ablations separately"
"document__e_n_j__bge_reranker_text","document","ViDoRe V3 public","8 separate corpora / original + official language views","E|N|J","none","equal_weight_rrf_k60","bge_reranker_text","20|50|100","50","planned_not_run","method_family; expand dataset views and controlled ablations separately"
"document__e_n_j__gemma4_relevance","document","ViDoRe V3 public","8 separate corpora / original + official language views","E|N|J","none","equal_weight_rrf_k60","gemma4_relevance","20|50|100","50","planned_not_run","method_family; expand dataset views and controlled ablations separately"
"document__b_e_n_j__none","document","ViDoRe V3 public","8 separate corpora / original + official language views","B|E|N|J","none","equal_weight_rrf_k60","none","not_applicable","not_applicable","planned_not_run","method_family; expand dataset views and controlled ablations separately"
"document__b_e_n_j__laya_text","document","ViDoRe V3 public","8 separate corpora / original + official language views","B|E|N|J","none","equal_weight_rrf_k60","laya_text","20|50|100","50","planned_not_run","method_family; expand dataset views and controlled ablations separately"
"document__b_e_n_j__bge_reranker_text","document","ViDoRe V3 public","8 separate corpora / original + official language views","B|E|N|J","none","equal_weight_rrf_k60","bge_reranker_text","20|50|100","50","planned_not_run","method_family; expand dataset views and controlled ablations separately"
"document__b_e_n_j__gemma4_relevance","document","ViDoRe V3 public","8 separate corpora / original + official language views","B|E|N|J","none","equal_weight_rrf_k60","gemma4_relevance","20|50|100","50","planned_not_run","method_family; expand dataset views and controlled ablations separately"
"document__g_e_n_j__none","document","ViDoRe V3 public","8 separate corpora / original + official language views","G|E|N|J","none","equal_weight_rrf_k60","none","not_applicable","not_applicable","planned_not_run","method_family; expand dataset views and controlled ablations separately"
"document__g_e_n_j__laya_text","document","ViDoRe V3 public","8 separate corpora / original + official language views","G|E|N|J","none","equal_weight_rrf_k60","laya_text","20|50|100","50","planned_not_run","method_family; expand dataset views and controlled ablations separately"
"document__g_e_n_j__bge_reranker_text","document","ViDoRe V3 public","8 separate corpora / original + official language views","G|E|N|J","none","equal_weight_rrf_k60","bge_reranker_text","20|50|100","50","planned_not_run","method_family; expand dataset views and controlled ablations separately"
"document__g_e_n_j__gemma4_relevance","document","ViDoRe V3 public","8 separate corpora / original + official language views","G|E|N|J","none","equal_weight_rrf_k60","gemma4_relevance","20|50|100","50","planned_not_run","method_family; expand dataset views and controlled ablations separately"
"document__b_g_e_n_j__none","document","ViDoRe V3 public","8 separate corpora / original + official language views","B|G|E|N|J","none","equal_weight_rrf_k60","none","not_applicable","not_applicable","planned_not_run","method_family; expand dataset views and controlled ablations separately"
"document__b_g_e_n_j__laya_text","document","ViDoRe V3 public","8 separate corpora / original + official language views","B|G|E|N|J","none","equal_weight_rrf_k60","laya_text","20|50|100","50","planned_not_run","method_family; expand dataset views and controlled ablations separately"
"document__b_g_e_n_j__bge_reranker_text","document","ViDoRe V3 public","8 separate corpora / original + official language views","B|G|E|N|J","none","equal_weight_rrf_k60","bge_reranker_text","20|50|100","50","planned_not_run","method_family; expand dataset views and controlled ablations separately"
"document__b_g_e_n_j__gemma4_relevance","document","ViDoRe V3 public","8 separate corpora / original + official language views","B|G|E|N|J","none","equal_weight_rrf_k60","gemma4_relevance","20|50|100","50","planned_not_run","method_family; expand dataset views and controlled ablations separately"
"document__s_j__none","document","ViDoRe V3 public","8 separate corpora / original + official language views","S|J","ColQwen2.5","equal_weight_rrf_k60","none","not_applicable","not_applicable","planned_not_run","method_family; expand dataset views and controlled ablations separately"
"document__s_j__laya_text","document","ViDoRe V3 public","8 separate corpora / original + official language views","S|J","ColQwen2.5","equal_weight_rrf_k60","laya_text","20|50|100","50","planned_not_run","method_family; expand dataset views and controlled ablations separately"
"document__s_j__bge_reranker_text","document","ViDoRe V3 public","8 separate corpora / original + official language views","S|J","ColQwen2.5","equal_weight_rrf_k60","bge_reranker_text","20|50|100","50","planned_not_run","method_family; expand dataset views and controlled ablations separately"
"document__s_j__gemma4_relevance","document","ViDoRe V3 public","8 separate corpora / original + official language views","S|J","ColQwen2.5","equal_weight_rrf_k60","gemma4_relevance","20|50|100","50","planned_not_run","method_family; expand dataset views and controlled ablations separately"
"document__b_s_j__none","document","ViDoRe V3 public","8 separate corpora / original + official language views","B|S|J","ColQwen2.5","equal_weight_rrf_k60","none","not_applicable","not_applicable","planned_not_run","method_family; expand dataset views and controlled ablations separately"
"document__b_s_j__laya_text","document","ViDoRe V3 public","8 separate corpora / original + official language views","B|S|J","ColQwen2.5","equal_weight_rrf_k60","laya_text","20|50|100","50","planned_not_run","method_family; expand dataset views and controlled ablations separately"
"document__b_s_j__bge_reranker_text","document","ViDoRe V3 public","8 separate corpora / original + official language views","B|S|J","ColQwen2.5","equal_weight_rrf_k60","bge_reranker_text","20|50|100","50","planned_not_run","method_family; expand dataset views and controlled ablations separately"
"document__b_s_j__gemma4_relevance","document","ViDoRe V3 public","8 separate corpora / original + official language views","B|S|J","ColQwen2.5","equal_weight_rrf_k60","gemma4_relevance","20|50|100","50","planned_not_run","method_family; expand dataset views and controlled ablations separately"
"document__g_s_j__none","document","ViDoRe V3 public","8 separate corpora / original + official language views","G|S|J","ColQwen2.5","equal_weight_rrf_k60","none","not_applicable","not_applicable","planned_not_run","method_family; expand dataset views and controlled ablations separately"
"document__g_s_j__laya_text","document","ViDoRe V3 public","8 separate corpora / original + official language views","G|S|J","ColQwen2.5","equal_weight_rrf_k60","laya_text","20|50|100","50","planned_not_run","method_family; expand dataset views and controlled ablations separately"
"document__g_s_j__bge_reranker_text","document","ViDoRe V3 public","8 separate corpora / original + official language views","G|S|J","ColQwen2.5","equal_weight_rrf_k60","bge_reranker_text","20|50|100","50","planned_not_run","method_family; expand dataset views and controlled ablations separately"
"document__g_s_j__gemma4_relevance","document","ViDoRe V3 public","8 separate corpora / original + official language views","G|S|J","ColQwen2.5","equal_weight_rrf_k60","gemma4_relevance","20|50|100","50","planned_not_run","method_family; expand dataset views and controlled ablations separately"
"document__b_g_s_j__none","document","ViDoRe V3 public","8 separate corpora / original + official language views","B|G|S|J","ColQwen2.5","equal_weight_rrf_k60","none","not_applicable","not_applicable","planned_not_run","method_family; expand dataset views and controlled ablations separately"
"document__b_g_s_j__laya_text","document","ViDoRe V3 public","8 separate corpora / original + official language views","B|G|S|J","ColQwen2.5","equal_weight_rrf_k60","laya_text","20|50|100","50","planned_not_run","method_family; expand dataset views and controlled ablations separately"
"document__b_g_s_j__bge_reranker_text","document","ViDoRe V3 public","8 separate corpora / original + official language views","B|G|S|J","ColQwen2.5","equal_weight_rrf_k60","bge_reranker_text","20|50|100","50","planned_not_run","method_family; expand dataset views and controlled ablations separately"
"document__b_g_s_j__gemma4_relevance","document","ViDoRe V3 public","8 separate corpora / original + official language views","B|G|S|J","ColQwen2.5","equal_weight_rrf_k60","gemma4_relevance","20|50|100","50","planned_not_run","method_family; expand dataset views and controlled ablations separately"
"document__e_s_j__none","document","ViDoRe V3 public","8 separate corpora / original + official language views","E|S|J","ColQwen2.5","equal_weight_rrf_k60","none","not_applicable","not_applicable","planned_not_run","method_family; expand dataset views and controlled ablations separately"
"document__e_s_j__laya_text","document","ViDoRe V3 public","8 separate corpora / original + official language views","E|S|J","ColQwen2.5","equal_weight_rrf_k60","laya_text","20|50|100","50","planned_not_run","method_family; expand dataset views and controlled ablations separately"
"document__e_s_j__bge_reranker_text","document","ViDoRe V3 public","8 separate corpora / original + official language views","E|S|J","ColQwen2.5","equal_weight_rrf_k60","bge_reranker_text","20|50|100","50","planned_not_run","method_family; expand dataset views and controlled ablations separately"
"document__e_s_j__gemma4_relevance","document","ViDoRe V3 public","8 separate corpora / original + official language views","E|S|J","ColQwen2.5","equal_weight_rrf_k60","gemma4_relevance","20|50|100","50","planned_not_run","method_family; expand dataset views and controlled ablations separately"
"document__b_e_s_j__none","document","ViDoRe V3 public","8 separate corpora / original + official language views","B|E|S|J","ColQwen2.5","equal_weight_rrf_k60","none","not_applicable","not_applicable","planned_not_run","method_family; expand dataset views and controlled ablations separately"
"document__b_e_s_j__laya_text","document","ViDoRe V3 public","8 separate corpora / original + official language views","B|E|S|J","ColQwen2.5","equal_weight_rrf_k60","laya_text","20|50|100","50","planned_not_run","method_family; expand dataset views and controlled ablations separately"
"document__b_e_s_j__bge_reranker_text","document","ViDoRe V3 public","8 separate corpora / original + official language views","B|E|S|J","ColQwen2.5","equal_weight_rrf_k60","bge_reranker_text","20|50|100","50","planned_not_run","method_family; expand dataset views and controlled ablations separately"
"document__b_e_s_j__gemma4_relevance","document","ViDoRe V3 public","8 separate corpora / original + official language views","B|E|S|J","ColQwen2.5","equal_weight_rrf_k60","gemma4_relevance","20|50|100","50","planned_not_run","method_family; expand dataset views and controlled ablations separately"
"document__g_e_s_j__none","document","ViDoRe V3 public","8 separate corpora / original + official language views","G|E|S|J","ColQwen2.5","equal_weight_rrf_k60","none","not_applicable","not_applicable","planned_not_run","method_family; expand dataset views and controlled ablations separately"
"document__g_e_s_j__laya_text","document","ViDoRe V3 public","8 separate corpora / original + official language views","G|E|S|J","ColQwen2.5","equal_weight_rrf_k60","laya_text","20|50|100","50","planned_not_run","method_family; expand dataset views and controlled ablations separately"
"document__g_e_s_j__bge_reranker_text","document","ViDoRe V3 public","8 separate corpora / original + official language views","G|E|S|J","ColQwen2.5","equal_weight_rrf_k60","bge_reranker_text","20|50|100","50","planned_not_run","method_family; expand dataset views and controlled ablations separately"
"document__g_e_s_j__gemma4_relevance","document","ViDoRe V3 public","8 separate corpora / original + official language views","G|E|S|J","ColQwen2.5","equal_weight_rrf_k60","gemma4_relevance","20|50|100","50","planned_not_run","method_family; expand dataset views and controlled ablations separately"
"document__b_g_e_s_j__none","document","ViDoRe V3 public","8 separate corpora / original + official language views","B|G|E|S|J","ColQwen2.5","equal_weight_rrf_k60","none","not_applicable","not_applicable","planned_not_run","method_family; expand dataset views and controlled ablations separately"
"document__b_g_e_s_j__laya_text","document","ViDoRe V3 public","8 separate corpora / original + official language views","B|G|E|S|J","ColQwen2.5","equal_weight_rrf_k60","laya_text","20|50|100","50","planned_not_run","method_family; expand dataset views and controlled ablations separately"
"document__b_g_e_s_j__bge_reranker_text","document","ViDoRe V3 public","8 separate corpora / original + official language views","B|G|E|S|J","ColQwen2.5","equal_weight_rrf_k60","bge_reranker_text","20|50|100","50","planned_not_run","method_family; expand dataset views and controlled ablations separately"
"document__b_g_e_s_j__gemma4_relevance","document","ViDoRe V3 public","8 separate corpora / original + official language views","B|G|E|S|J","ColQwen2.5","equal_weight_rrf_k60","gemma4_relevance","20|50|100","50","planned_not_run","method_family; expand dataset views and controlled ablations separately"
"document__n_s_j__none","document","ViDoRe V3 public","8 separate corpora / original + official language views","N|S|J","ColQwen2.5","equal_weight_rrf_k60","none","not_applicable","not_applicable","planned_not_run","method_family; expand dataset views and controlled ablations separately"
"document__n_s_j__laya_text","document","ViDoRe V3 public","8 separate corpora / original + official language views","N|S|J","ColQwen2.5","equal_weight_rrf_k60","laya_text","20|50|100","50","planned_not_run","method_family; expand dataset views and controlled ablations separately"
"document__n_s_j__bge_reranker_text","document","ViDoRe V3 public","8 separate corpora / original + official language views","N|S|J","ColQwen2.5","equal_weight_rrf_k60","bge_reranker_text","20|50|100","50","planned_not_run","method_family; expand dataset views and controlled ablations separately"
"document__n_s_j__gemma4_relevance","document","ViDoRe V3 public","8 separate corpora / original + official language views","N|S|J","ColQwen2.5","equal_weight_rrf_k60","gemma4_relevance","20|50|100","50","planned_not_run","method_family; expand dataset views and controlled ablations separately"
"document__b_n_s_j__none","document","ViDoRe V3 public","8 separate corpora / original + official language views","B|N|S|J","ColQwen2.5","equal_weight_rrf_k60","none","not_applicable","not_applicable","planned_not_run","method_family; expand dataset views and controlled ablations separately"
"document__b_n_s_j__laya_text","document","ViDoRe V3 public","8 separate corpora / original + official language views","B|N|S|J","ColQwen2.5","equal_weight_rrf_k60","laya_text","20|50|100","50","planned_not_run","method_family; expand dataset views and controlled ablations separately"
"document__b_n_s_j__bge_reranker_text","document","ViDoRe V3 public","8 separate corpora / original + official language views","B|N|S|J","ColQwen2.5","equal_weight_rrf_k60","bge_reranker_text","20|50|100","50","planned_not_run","method_family; expand dataset views and controlled ablations separately"
"document__b_n_s_j__gemma4_relevance","document","ViDoRe V3 public","8 separate corpora / original + official language views","B|N|S|J","ColQwen2.5","equal_weight_rrf_k60","gemma4_relevance","20|50|100","50","planned_not_run","method_family; expand dataset views and controlled ablations separately"
"document__g_n_s_j__none","document","ViDoRe V3 public","8 separate corpora / original + official language views","G|N|S|J","ColQwen2.5","equal_weight_rrf_k60","none","not_applicable","not_applicable","planned_not_run","method_family; expand dataset views and controlled ablations separately"
"document__g_n_s_j__laya_text","document","ViDoRe V3 public","8 separate corpora / original + official language views","G|N|S|J","ColQwen2.5","equal_weight_rrf_k60","laya_text","20|50|100","50","planned_not_run","method_family; expand dataset views and controlled ablations separately"
"document__g_n_s_j__bge_reranker_text","document","ViDoRe V3 public","8 separate corpora / original + official language views","G|N|S|J","ColQwen2.5","equal_weight_rrf_k60","bge_reranker_text","20|50|100","50","planned_not_run","method_family; expand dataset views and controlled ablations separately"
"document__g_n_s_j__gemma4_relevance","document","ViDoRe V3 public","8 separate corpora / original + official language views","G|N|S|J","ColQwen2.5","equal_weight_rrf_k60","gemma4_relevance","20|50|100","50","planned_not_run","method_family; expand dataset views and controlled ablations separately"
"document__b_g_n_s_j__none","document","ViDoRe V3 public","8 separate corpora / original + official language views","B|G|N|S|J","ColQwen2.5","equal_weight_rrf_k60","none","not_applicable","not_applicable","planned_not_run","method_family; expand dataset views and controlled ablations separately"
"document__b_g_n_s_j__laya_text","document","ViDoRe V3 public","8 separate corpora / original + official language views","B|G|N|S|J","ColQwen2.5","equal_weight_rrf_k60","laya_text","20|50|100","50","planned_not_run","method_family; expand dataset views and controlled ablations separately"
"document__b_g_n_s_j__bge_reranker_text","document","ViDoRe V3 public","8 separate corpora / original + official language views","B|G|N|S|J","ColQwen2.5","equal_weight_rrf_k60","bge_reranker_text","20|50|100","50","planned_not_run","method_family; expand dataset views and controlled ablations separately"
"document__b_g_n_s_j__gemma4_relevance","document","ViDoRe V3 public","8 separate corpora / original + official language views","B|G|N|S|J","ColQwen2.5","equal_weight_rrf_k60","gemma4_relevance","20|50|100","50","planned_not_run","method_family; expand dataset views and controlled ablations separately"
"document__e_n_s_j__none","document","ViDoRe V3 public","8 separate corpora / original + official language views","E|N|S|J","ColQwen2.5","equal_weight_rrf_k60","none","not_applicable","not_applicable","planned_not_run","method_family; expand dataset views and controlled ablations separately"
"document__e_n_s_j__laya_text","document","ViDoRe V3 public","8 separate corpora / original + official language views","E|N|S|J","ColQwen2.5","equal_weight_rrf_k60","laya_text","20|50|100","50","planned_not_run","method_family; expand dataset views and controlled ablations separately"
"document__e_n_s_j__bge_reranker_text","document","ViDoRe V3 public","8 separate corpora / original + official language views","E|N|S|J","ColQwen2.5","equal_weight_rrf_k60","bge_reranker_text","20|50|100","50","planned_not_run","method_family; expand dataset views and controlled ablations separately"
"document__e_n_s_j__gemma4_relevance","document","ViDoRe V3 public","8 separate corpora / original + official language views","E|N|S|J","ColQwen2.5","equal_weight_rrf_k60","gemma4_relevance","20|50|100","50","planned_not_run","method_family; expand dataset views and controlled ablations separately"
"document__b_e_n_s_j__none","document","ViDoRe V3 public","8 separate corpora / original + official language views","B|E|N|S|J","ColQwen2.5","equal_weight_rrf_k60","none","not_applicable","not_applicable","planned_not_run","method_family; expand dataset views and controlled ablations separately"
"document__b_e_n_s_j__laya_text","document","ViDoRe V3 public","8 separate corpora / original + official language views","B|E|N|S|J","ColQwen2.5","equal_weight_rrf_k60","laya_text","20|50|100","50","planned_not_run","method_family; expand dataset views and controlled ablations separately"
"document__b_e_n_s_j__bge_reranker_text","document","ViDoRe V3 public","8 separate corpora / original + official language views","B|E|N|S|J","ColQwen2.5","equal_weight_rrf_k60","bge_reranker_text","20|50|100","50","planned_not_run","method_family; expand dataset views and controlled ablations separately"
"document__b_e_n_s_j__gemma4_relevance","document","ViDoRe V3 public","8 separate corpora / original + official language views","B|E|N|S|J","ColQwen2.5","equal_weight_rrf_k60","gemma4_relevance","20|50|100","50","planned_not_run","method_family; expand dataset views and controlled ablations separately"
"document__g_e_n_s_j__none","document","ViDoRe V3 public","8 separate corpora / original + official language views","G|E|N|S|J","ColQwen2.5","equal_weight_rrf_k60","none","not_applicable","not_applicable","planned_not_run","method_family; expand dataset views and controlled ablations separately"
"document__g_e_n_s_j__laya_text","document","ViDoRe V3 public","8 separate corpora / original + official language views","G|E|N|S|J","ColQwen2.5","equal_weight_rrf_k60","laya_text","20|50|100","50","planned_not_run","method_family; expand dataset views and controlled ablations separately"
"document__g_e_n_s_j__bge_reranker_text","document","ViDoRe V3 public","8 separate corpora / original + official language views","G|E|N|S|J","ColQwen2.5","equal_weight_rrf_k60","bge_reranker_text","20|50|100","50","planned_not_run","method_family; expand dataset views and controlled ablations separately"
"document__g_e_n_s_j__gemma4_relevance","document","ViDoRe V3 public","8 separate corpora / original + official language views","G|E|N|S|J","ColQwen2.5","equal_weight_rrf_k60","gemma4_relevance","20|50|100","50","planned_not_run","method_family; expand dataset views and controlled ablations separately"
"document__b_g_e_n_s_j__none","document","ViDoRe V3 public","8 separate corpora / original + official language views","B|G|E|N|S|J","ColQwen2.5","equal_weight_rrf_k60","none","not_applicable","not_applicable","planned_not_run","method_family; expand dataset views and controlled ablations separately"
"document__b_g_e_n_s_j__laya_text","document","ViDoRe V3 public","8 separate corpora / original + official language views","B|G|E|N|S|J","ColQwen2.5","equal_weight_rrf_k60","laya_text","20|50|100","50","planned_not_run","method_family; expand dataset views and controlled ablations separately"
"document__b_g_e_n_s_j__bge_reranker_text","document","ViDoRe V3 public","8 separate corpora / original + official language views","B|G|E|N|S|J","ColQwen2.5","equal_weight_rrf_k60","bge_reranker_text","20|50|100","50","planned_not_run","method_family; expand dataset views and controlled ablations separately"
"document__b_g_e_n_s_j__gemma4_relevance","document","ViDoRe V3 public","8 separate corpora / original + official language views","B|G|E|N|S|J","ColQwen2.5","equal_weight_rrf_k60","gemma4_relevance","20|50|100","50","planned_not_run","method_family; expand dataset views and controlled ablations separately"
"environment_audio__b__none","environment_audio","Clotho v2.1 eval","en","B","none","identity","none","not_applicable","not_applicable","planned_not_run","method_family; expand dataset views and controlled ablations separately"
"environment_audio__b__laya_text","environment_audio","Clotho v2.1 eval","en","B","none","identity","laya_text","20|50|100","50","planned_not_run","method_family; expand dataset views and controlled ablations separately"
"environment_audio__b__bge_reranker_text","environment_audio","Clotho v2.1 eval","en","B","none","identity","bge_reranker_text","20|50|100","50","planned_not_run","method_family; expand dataset views and controlled ablations separately"
"environment_audio__b__gemma4_relevance","environment_audio","Clotho v2.1 eval","en","B","none","identity","gemma4_relevance","20|50|100","50","planned_not_run","method_family; expand dataset views and controlled ablations separately"
"environment_audio__g__none","environment_audio","Clotho v2.1 eval","en","G","none","identity","none","not_applicable","not_applicable","planned_not_run","method_family; expand dataset views and controlled ablations separately"
"environment_audio__g__laya_text","environment_audio","Clotho v2.1 eval","en","G","none","identity","laya_text","20|50|100","50","planned_not_run","method_family; expand dataset views and controlled ablations separately"
"environment_audio__g__bge_reranker_text","environment_audio","Clotho v2.1 eval","en","G","none","identity","bge_reranker_text","20|50|100","50","planned_not_run","method_family; expand dataset views and controlled ablations separately"
"environment_audio__g__gemma4_relevance","environment_audio","Clotho v2.1 eval","en","G","none","identity","gemma4_relevance","20|50|100","50","planned_not_run","method_family; expand dataset views and controlled ablations separately"
"environment_audio__b_g__none","environment_audio","Clotho v2.1 eval","en","B|G","none","equal_weight_rrf_k60","none","not_applicable","not_applicable","planned_not_run","method_family; expand dataset views and controlled ablations separately"
"environment_audio__b_g__laya_text","environment_audio","Clotho v2.1 eval","en","B|G","none","equal_weight_rrf_k60","laya_text","20|50|100","50","planned_not_run","method_family; expand dataset views and controlled ablations separately"
"environment_audio__b_g__bge_reranker_text","environment_audio","Clotho v2.1 eval","en","B|G","none","equal_weight_rrf_k60","bge_reranker_text","20|50|100","50","planned_not_run","method_family; expand dataset views and controlled ablations separately"
"environment_audio__b_g__gemma4_relevance","environment_audio","Clotho v2.1 eval","en","B|G","none","equal_weight_rrf_k60","gemma4_relevance","20|50|100","50","planned_not_run","method_family; expand dataset views and controlled ablations separately"
"environment_audio__e__none","environment_audio","Clotho v2.1 eval","en","E","none","identity","none","not_applicable","not_applicable","planned_not_run","method_family; expand dataset views and controlled ablations separately"
"environment_audio__e__laya_text","environment_audio","Clotho v2.1 eval","en","E","none","identity","laya_text","20|50|100","50","planned_not_run","method_family; expand dataset views and controlled ablations separately"
"environment_audio__e__bge_reranker_text","environment_audio","Clotho v2.1 eval","en","E","none","identity","bge_reranker_text","20|50|100","50","planned_not_run","method_family; expand dataset views and controlled ablations separately"
"environment_audio__e__gemma4_relevance","environment_audio","Clotho v2.1 eval","en","E","none","identity","gemma4_relevance","20|50|100","50","planned_not_run","method_family; expand dataset views and controlled ablations separately"
"environment_audio__b_e__none","environment_audio","Clotho v2.1 eval","en","B|E","none","equal_weight_rrf_k60","none","not_applicable","not_applicable","planned_not_run","method_family; expand dataset views and controlled ablations separately"
"environment_audio__b_e__laya_text","environment_audio","Clotho v2.1 eval","en","B|E","none","equal_weight_rrf_k60","laya_text","20|50|100","50","planned_not_run","method_family; expand dataset views and controlled ablations separately"
"environment_audio__b_e__bge_reranker_text","environment_audio","Clotho v2.1 eval","en","B|E","none","equal_weight_rrf_k60","bge_reranker_text","20|50|100","50","planned_not_run","method_family; expand dataset views and controlled ablations separately"
"environment_audio__b_e__gemma4_relevance","environment_audio","Clotho v2.1 eval","en","B|E","none","equal_weight_rrf_k60","gemma4_relevance","20|50|100","50","planned_not_run","method_family; expand dataset views and controlled ablations separately"
"environment_audio__g_e__none","environment_audio","Clotho v2.1 eval","en","G|E","none","equal_weight_rrf_k60","none","not_applicable","not_applicable","planned_not_run","method_family; expand dataset views and controlled ablations separately"
"environment_audio__g_e__laya_text","environment_audio","Clotho v2.1 eval","en","G|E","none","equal_weight_rrf_k60","laya_text","20|50|100","50","planned_not_run","method_family; expand dataset views and controlled ablations separately"
"environment_audio__g_e__bge_reranker_text","environment_audio","Clotho v2.1 eval","en","G|E","none","equal_weight_rrf_k60","bge_reranker_text","20|50|100","50","planned_not_run","method_family; expand dataset views and controlled ablations separately"
"environment_audio__g_e__gemma4_relevance","environment_audio","Clotho v2.1 eval","en","G|E","none","equal_weight_rrf_k60","gemma4_relevance","20|50|100","50","planned_not_run","method_family; expand dataset views and controlled ablations separately"
"environment_audio__b_g_e__none","environment_audio","Clotho v2.1 eval","en","B|G|E","none","equal_weight_rrf_k60","none","not_applicable","not_applicable","planned_not_run","method_family; expand dataset views and controlled ablations separately"
"environment_audio__b_g_e__laya_text","environment_audio","Clotho v2.1 eval","en","B|G|E","none","equal_weight_rrf_k60","laya_text","20|50|100","50","planned_not_run","method_family; expand dataset views and controlled ablations separately"
"environment_audio__b_g_e__bge_reranker_text","environment_audio","Clotho v2.1 eval","en","B|G|E","none","equal_weight_rrf_k60","bge_reranker_text","20|50|100","50","planned_not_run","method_family; expand dataset views and controlled ablations separately"
"environment_audio__b_g_e__gemma4_relevance","environment_audio","Clotho v2.1 eval","en","B|G|E","none","equal_weight_rrf_k60","gemma4_relevance","20|50|100","50","planned_not_run","method_family; expand dataset views and controlled ablations separately"
"environment_audio__n__none","environment_audio","Clotho v2.1 eval","en","N","none","identity","none","not_applicable","not_applicable","planned_not_run","method_family; expand dataset views and controlled ablations separately"
"environment_audio__n__laya_text","environment_audio","Clotho v2.1 eval","en","N","none","identity","laya_text","20|50|100","50","planned_not_run","method_family; expand dataset views and controlled ablations separately"
"environment_audio__n__bge_reranker_text","environment_audio","Clotho v2.1 eval","en","N","none","identity","bge_reranker_text","20|50|100","50","planned_not_run","method_family; expand dataset views and controlled ablations separately"
"environment_audio__n__gemma4_relevance","environment_audio","Clotho v2.1 eval","en","N","none","identity","gemma4_relevance","20|50|100","50","planned_not_run","method_family; expand dataset views and controlled ablations separately"
"environment_audio__b_n__none","environment_audio","Clotho v2.1 eval","en","B|N","none","equal_weight_rrf_k60","none","not_applicable","not_applicable","planned_not_run","method_family; expand dataset views and controlled ablations separately"
"environment_audio__b_n__laya_text","environment_audio","Clotho v2.1 eval","en","B|N","none","equal_weight_rrf_k60","laya_text","20|50|100","50","planned_not_run","method_family; expand dataset views and controlled ablations separately"
"environment_audio__b_n__bge_reranker_text","environment_audio","Clotho v2.1 eval","en","B|N","none","equal_weight_rrf_k60","bge_reranker_text","20|50|100","50","planned_not_run","method_family; expand dataset views and controlled ablations separately"
"environment_audio__b_n__gemma4_relevance","environment_audio","Clotho v2.1 eval","en","B|N","none","equal_weight_rrf_k60","gemma4_relevance","20|50|100","50","planned_not_run","method_family; expand dataset views and controlled ablations separately"
"environment_audio__g_n__none","environment_audio","Clotho v2.1 eval","en","G|N","none","equal_weight_rrf_k60","none","not_applicable","not_applicable","planned_not_run","method_family; expand dataset views and controlled ablations separately"
"environment_audio__g_n__laya_text","environment_audio","Clotho v2.1 eval","en","G|N","none","equal_weight_rrf_k60","laya_text","20|50|100","50","planned_not_run","method_family; expand dataset views and controlled ablations separately"
"environment_audio__g_n__bge_reranker_text","environment_audio","Clotho v2.1 eval","en","G|N","none","equal_weight_rrf_k60","bge_reranker_text","20|50|100","50","planned_not_run","method_family; expand dataset views and controlled ablations separately"
"environment_audio__g_n__gemma4_relevance","environment_audio","Clotho v2.1 eval","en","G|N","none","equal_weight_rrf_k60","gemma4_relevance","20|50|100","50","planned_not_run","method_family; expand dataset views and controlled ablations separately"
"environment_audio__b_g_n__none","environment_audio","Clotho v2.1 eval","en","B|G|N","none","equal_weight_rrf_k60","none","not_applicable","not_applicable","planned_not_run","method_family; expand dataset views and controlled ablations separately"
"environment_audio__b_g_n__laya_text","environment_audio","Clotho v2.1 eval","en","B|G|N","none","equal_weight_rrf_k60","laya_text","20|50|100","50","planned_not_run","method_family; expand dataset views and controlled ablations separately"
"environment_audio__b_g_n__bge_reranker_text","environment_audio","Clotho v2.1 eval","en","B|G|N","none","equal_weight_rrf_k60","bge_reranker_text","20|50|100","50","planned_not_run","method_family; expand dataset views and controlled ablations separately"
"environment_audio__b_g_n__gemma4_relevance","environment_audio","Clotho v2.1 eval","en","B|G|N","none","equal_weight_rrf_k60","gemma4_relevance","20|50|100","50","planned_not_run","method_family; expand dataset views and controlled ablations separately"
"environment_audio__e_n__none","environment_audio","Clotho v2.1 eval","en","E|N","none","equal_weight_rrf_k60","none","not_applicable","not_applicable","planned_not_run","method_family; expand dataset views and controlled ablations separately"
"environment_audio__e_n__laya_text","environment_audio","Clotho v2.1 eval","en","E|N","none","equal_weight_rrf_k60","laya_text","20|50|100","50","planned_not_run","method_family; expand dataset views and controlled ablations separately"
"environment_audio__e_n__bge_reranker_text","environment_audio","Clotho v2.1 eval","en","E|N","none","equal_weight_rrf_k60","bge_reranker_text","20|50|100","50","planned_not_run","method_family; expand dataset views and controlled ablations separately"
"environment_audio__e_n__gemma4_relevance","environment_audio","Clotho v2.1 eval","en","E|N","none","equal_weight_rrf_k60","gemma4_relevance","20|50|100","50","planned_not_run","method_family; expand dataset views and controlled ablations separately"
"environment_audio__b_e_n__none","environment_audio","Clotho v2.1 eval","en","B|E|N","none","equal_weight_rrf_k60","none","not_applicable","not_applicable","planned_not_run","method_family; expand dataset views and controlled ablations separately"
"environment_audio__b_e_n__laya_text","environment_audio","Clotho v2.1 eval","en","B|E|N","none","equal_weight_rrf_k60","laya_text","20|50|100","50","planned_not_run","method_family; expand dataset views and controlled ablations separately"
"environment_audio__b_e_n__bge_reranker_text","environment_audio","Clotho v2.1 eval","en","B|E|N","none","equal_weight_rrf_k60","bge_reranker_text","20|50|100","50","planned_not_run","method_family; expand dataset views and controlled ablations separately"
"environment_audio__b_e_n__gemma4_relevance","environment_audio","Clotho v2.1 eval","en","B|E|N","none","equal_weight_rrf_k60","gemma4_relevance","20|50|100","50","planned_not_run","method_family; expand dataset views and controlled ablations separately"
"environment_audio__g_e_n__none","environment_audio","Clotho v2.1 eval","en","G|E|N","none","equal_weight_rrf_k60","none","not_applicable","not_applicable","planned_not_run","method_family; expand dataset views and controlled ablations separately"
"environment_audio__g_e_n__laya_text","environment_audio","Clotho v2.1 eval","en","G|E|N","none","equal_weight_rrf_k60","laya_text","20|50|100","50","planned_not_run","method_family; expand dataset views and controlled ablations separately"
"environment_audio__g_e_n__bge_reranker_text","environment_audio","Clotho v2.1 eval","en","G|E|N","none","equal_weight_rrf_k60","bge_reranker_text","20|50|100","50","planned_not_run","method_family; expand dataset views and controlled ablations separately"
"environment_audio__g_e_n__gemma4_relevance","environment_audio","Clotho v2.1 eval","en","G|E|N","none","equal_weight_rrf_k60","gemma4_relevance","20|50|100","50","planned_not_run","method_family; expand dataset views and controlled ablations separately"
"environment_audio__b_g_e_n__none","environment_audio","Clotho v2.1 eval","en","B|G|E|N","none","equal_weight_rrf_k60","none","not_applicable","not_applicable","planned_not_run","method_family; expand dataset views and controlled ablations separately"
"environment_audio__b_g_e_n__laya_text","environment_audio","Clotho v2.1 eval","en","B|G|E|N","none","equal_weight_rrf_k60","laya_text","20|50|100","50","planned_not_run","method_family; expand dataset views and controlled ablations separately"
"environment_audio__b_g_e_n__bge_reranker_text","environment_audio","Clotho v2.1 eval","en","B|G|E|N","none","equal_weight_rrf_k60","bge_reranker_text","20|50|100","50","planned_not_run","method_family; expand dataset views and controlled ablations separately"
"environment_audio__b_g_e_n__gemma4_relevance","environment_audio","Clotho v2.1 eval","en","B|G|E|N","none","equal_weight_rrf_k60","gemma4_relevance","20|50|100","50","planned_not_run","method_family; expand dataset views and controlled ablations separately"
"environment_audio__s__none","environment_audio","Clotho v2.1 eval","en","S","CLAP","identity","none","not_applicable","not_applicable","planned_not_run","method_family; expand dataset views and controlled ablations separately"
"environment_audio__s__laya_text","environment_audio","Clotho v2.1 eval","en","S","CLAP","identity","laya_text","20|50|100","50","planned_not_run","method_family; expand dataset views and controlled ablations separately"
"environment_audio__s__bge_reranker_text","environment_audio","Clotho v2.1 eval","en","S","CLAP","identity","bge_reranker_text","20|50|100","50","planned_not_run","method_family; expand dataset views and controlled ablations separately"
"environment_audio__s__gemma4_relevance","environment_audio","Clotho v2.1 eval","en","S","CLAP","identity","gemma4_relevance","20|50|100","50","planned_not_run","method_family; expand dataset views and controlled ablations separately"
"environment_audio__b_s__none","environment_audio","Clotho v2.1 eval","en","B|S","CLAP","equal_weight_rrf_k60","none","not_applicable","not_applicable","planned_not_run","method_family; expand dataset views and controlled ablations separately"
"environment_audio__b_s__laya_text","environment_audio","Clotho v2.1 eval","en","B|S","CLAP","equal_weight_rrf_k60","laya_text","20|50|100","50","planned_not_run","method_family; expand dataset views and controlled ablations separately"
"environment_audio__b_s__bge_reranker_text","environment_audio","Clotho v2.1 eval","en","B|S","CLAP","equal_weight_rrf_k60","bge_reranker_text","20|50|100","50","planned_not_run","method_family; expand dataset views and controlled ablations separately"
"environment_audio__b_s__gemma4_relevance","environment_audio","Clotho v2.1 eval","en","B|S","CLAP","equal_weight_rrf_k60","gemma4_relevance","20|50|100","50","planned_not_run","method_family; expand dataset views and controlled ablations separately"
"environment_audio__g_s__none","environment_audio","Clotho v2.1 eval","en","G|S","CLAP","equal_weight_rrf_k60","none","not_applicable","not_applicable","planned_not_run","method_family; expand dataset views and controlled ablations separately"
"environment_audio__g_s__laya_text","environment_audio","Clotho v2.1 eval","en","G|S","CLAP","equal_weight_rrf_k60","laya_text","20|50|100","50","planned_not_run","method_family; expand dataset views and controlled ablations separately"
"environment_audio__g_s__bge_reranker_text","environment_audio","Clotho v2.1 eval","en","G|S","CLAP","equal_weight_rrf_k60","bge_reranker_text","20|50|100","50","planned_not_run","method_family; expand dataset views and controlled ablations separately"
"environment_audio__g_s__gemma4_relevance","environment_audio","Clotho v2.1 eval","en","G|S","CLAP","equal_weight_rrf_k60","gemma4_relevance","20|50|100","50","planned_not_run","method_family; expand dataset views and controlled ablations separately"
"environment_audio__b_g_s__none","environment_audio","Clotho v2.1 eval","en","B|G|S","CLAP","equal_weight_rrf_k60","none","not_applicable","not_applicable","planned_not_run","method_family; expand dataset views and controlled ablations separately"
"environment_audio__b_g_s__laya_text","environment_audio","Clotho v2.1 eval","en","B|G|S","CLAP","equal_weight_rrf_k60","laya_text","20|50|100","50","planned_not_run","method_family; expand dataset views and controlled ablations separately"
"environment_audio__b_g_s__bge_reranker_text","environment_audio","Clotho v2.1 eval","en","B|G|S","CLAP","equal_weight_rrf_k60","bge_reranker_text","20|50|100","50","planned_not_run","method_family; expand dataset views and controlled ablations separately"
"environment_audio__b_g_s__gemma4_relevance","environment_audio","Clotho v2.1 eval","en","B|G|S","CLAP","equal_weight_rrf_k60","gemma4_relevance","20|50|100","50","planned_not_run","method_family; expand dataset views and controlled ablations separately"
"environment_audio__e_s__none","environment_audio","Clotho v2.1 eval","en","E|S","CLAP","equal_weight_rrf_k60","none","not_applicable","not_applicable","planned_not_run","method_family; expand dataset views and controlled ablations separately"
"environment_audio__e_s__laya_text","environment_audio","Clotho v2.1 eval","en","E|S","CLAP","equal_weight_rrf_k60","laya_text","20|50|100","50","planned_not_run","method_family; expand dataset views and controlled ablations separately"
"environment_audio__e_s__bge_reranker_text","environment_audio","Clotho v2.1 eval","en","E|S","CLAP","equal_weight_rrf_k60","bge_reranker_text","20|50|100","50","planned_not_run","method_family; expand dataset views and controlled ablations separately"
"environment_audio__e_s__gemma4_relevance","environment_audio","Clotho v2.1 eval","en","E|S","CLAP","equal_weight_rrf_k60","gemma4_relevance","20|50|100","50","planned_not_run","method_family; expand dataset views and controlled ablations separately"
"environment_audio__b_e_s__none","environment_audio","Clotho v2.1 eval","en","B|E|S","CLAP","equal_weight_rrf_k60","none","not_applicable","not_applicable","planned_not_run","method_family; expand dataset views and controlled ablations separately"
"environment_audio__b_e_s__laya_text","environment_audio","Clotho v2.1 eval","en","B|E|S","CLAP","equal_weight_rrf_k60","laya_text","20|50|100","50","planned_not_run","method_family; expand dataset views and controlled ablations separately"
"environment_audio__b_e_s__bge_reranker_text","environment_audio","Clotho v2.1 eval","en","B|E|S","CLAP","equal_weight_rrf_k60","bge_reranker_text","20|50|100","50","planned_not_run","method_family; expand dataset views and controlled ablations separately"
"environment_audio__b_e_s__gemma4_relevance","environment_audio","Clotho v2.1 eval","en","B|E|S","CLAP","equal_weight_rrf_k60","gemma4_relevance","20|50|100","50","planned_not_run","method_family; expand dataset views and controlled ablations separately"
"environment_audio__g_e_s__none","environment_audio","Clotho v2.1 eval","en","G|E|S","CLAP","equal_weight_rrf_k60","none","not_applicable","not_applicable","planned_not_run","method_family; expand dataset views and controlled ablations separately"
"environment_audio__g_e_s__laya_text","environment_audio","Clotho v2.1 eval","en","G|E|S","CLAP","equal_weight_rrf_k60","laya_text","20|50|100","50","planned_not_run","method_family; expand dataset views and controlled ablations separately"
"environment_audio__g_e_s__bge_reranker_text","environment_audio","Clotho v2.1 eval","en","G|E|S","CLAP","equal_weight_rrf_k60","bge_reranker_text","20|50|100","50","planned_not_run","method_family; expand dataset views and controlled ablations separately"
"environment_audio__g_e_s__gemma4_relevance","environment_audio","Clotho v2.1 eval","en","G|E|S","CLAP","equal_weight_rrf_k60","gemma4_relevance","20|50|100","50","planned_not_run","method_family; expand dataset views and controlled ablations separately"
"environment_audio__b_g_e_s__none","environment_audio","Clotho v2.1 eval","en","B|G|E|S","CLAP","equal_weight_rrf_k60","none","not_applicable","not_applicable","planned_not_run","method_family; expand dataset views and controlled ablations separately"
"environment_audio__b_g_e_s__laya_text","environment_audio","Clotho v2.1 eval","en","B|G|E|S","CLAP","equal_weight_rrf_k60","laya_text","20|50|100","50","planned_not_run","method_family; expand dataset views and controlled ablations separately"
"environment_audio__b_g_e_s__bge_reranker_text","environment_audio","Clotho v2.1 eval","en","B|G|E|S","CLAP","equal_weight_rrf_k60","bge_reranker_text","20|50|100","50","planned_not_run","method_family; expand dataset views and controlled ablations separately"
"environment_audio__b_g_e_s__gemma4_relevance","environment_audio","Clotho v2.1 eval","en","B|G|E|S","CLAP","equal_weight_rrf_k60","gemma4_relevance","20|50|100","50","planned_not_run","method_family; expand dataset views and controlled ablations separately"
"environment_audio__n_s__none","environment_audio","Clotho v2.1 eval","en","N|S","CLAP","equal_weight_rrf_k60","none","not_applicable","not_applicable","planned_not_run","method_family; expand dataset views and controlled ablations separately"
"environment_audio__n_s__laya_text","environment_audio","Clotho v2.1 eval","en","N|S","CLAP","equal_weight_rrf_k60","laya_text","20|50|100","50","planned_not_run","method_family; expand dataset views and controlled ablations separately"
"environment_audio__n_s__bge_reranker_text","environment_audio","Clotho v2.1 eval","en","N|S","CLAP","equal_weight_rrf_k60","bge_reranker_text","20|50|100","50","planned_not_run","method_family; expand dataset views and controlled ablations separately"
"environment_audio__n_s__gemma4_relevance","environment_audio","Clotho v2.1 eval","en","N|S","CLAP","equal_weight_rrf_k60","gemma4_relevance","20|50|100","50","planned_not_run","method_family; expand dataset views and controlled ablations separately"
"environment_audio__b_n_s__none","environment_audio","Clotho v2.1 eval","en","B|N|S","CLAP","equal_weight_rrf_k60","none","not_applicable","not_applicable","planned_not_run","method_family; expand dataset views and controlled ablations separately"
"environment_audio__b_n_s__laya_text","environment_audio","Clotho v2.1 eval","en","B|N|S","CLAP","equal_weight_rrf_k60","laya_text","20|50|100","50","planned_not_run","method_family; expand dataset views and controlled ablations separately"
"environment_audio__b_n_s__bge_reranker_text","environment_audio","Clotho v2.1 eval","en","B|N|S","CLAP","equal_weight_rrf_k60","bge_reranker_text","20|50|100","50","planned_not_run","method_family; expand dataset views and controlled ablations separately"
"environment_audio__b_n_s__gemma4_relevance","environment_audio","Clotho v2.1 eval","en","B|N|S","CLAP","equal_weight_rrf_k60","gemma4_relevance","20|50|100","50","planned_not_run","method_family; expand dataset views and controlled ablations separately"
"environment_audio__g_n_s__none","environment_audio","Clotho v2.1 eval","en","G|N|S","CLAP","equal_weight_rrf_k60","none","not_applicable","not_applicable","planned_not_run","method_family; expand dataset views and controlled ablations separately"
"environment_audio__g_n_s__laya_text","environment_audio","Clotho v2.1 eval","en","G|N|S","CLAP","equal_weight_rrf_k60","laya_text","20|50|100","50","planned_not_run","method_family; expand dataset views and controlled ablations separately"
"environment_audio__g_n_s__bge_reranker_text","environment_audio","Clotho v2.1 eval","en","G|N|S","CLAP","equal_weight_rrf_k60","bge_reranker_text","20|50|100","50","planned_not_run","method_family; expand dataset views and controlled ablations separately"
"environment_audio__g_n_s__gemma4_relevance","environment_audio","Clotho v2.1 eval","en","G|N|S","CLAP","equal_weight_rrf_k60","gemma4_relevance","20|50|100","50","planned_not_run","method_family; expand dataset views and controlled ablations separately"
"environment_audio__b_g_n_s__none","environment_audio","Clotho v2.1 eval","en","B|G|N|S","CLAP","equal_weight_rrf_k60","none","not_applicable","not_applicable","planned_not_run","method_family; expand dataset views and controlled ablations separately"
"environment_audio__b_g_n_s__laya_text","environment_audio","Clotho v2.1 eval","en","B|G|N|S","CLAP","equal_weight_rrf_k60","laya_text","20|50|100","50","planned_not_run","method_family; expand dataset views and controlled ablations separately"
"environment_audio__b_g_n_s__bge_reranker_text","environment_audio","Clotho v2.1 eval","en","B|G|N|S","CLAP","equal_weight_rrf_k60","bge_reranker_text","20|50|100","50","planned_not_run","method_family; expand dataset views and controlled ablations separately"
"environment_audio__b_g_n_s__gemma4_relevance","environment_audio","Clotho v2.1 eval","en","B|G|N|S","CLAP","equal_weight_rrf_k60","gemma4_relevance","20|50|100","50","planned_not_run","method_family; expand dataset views and controlled ablations separately"
"environment_audio__e_n_s__none","environment_audio","Clotho v2.1 eval","en","E|N|S","CLAP","equal_weight_rrf_k60","none","not_applicable","not_applicable","planned_not_run","method_family; expand dataset views and controlled ablations separately"
"environment_audio__e_n_s__laya_text","environment_audio","Clotho v2.1 eval","en","E|N|S","CLAP","equal_weight_rrf_k60","laya_text","20|50|100","50","planned_not_run","method_family; expand dataset views and controlled ablations separately"
"environment_audio__e_n_s__bge_reranker_text","environment_audio","Clotho v2.1 eval","en","E|N|S","CLAP","equal_weight_rrf_k60","bge_reranker_text","20|50|100","50","planned_not_run","method_family; expand dataset views and controlled ablations separately"
"environment_audio__e_n_s__gemma4_relevance","environment_audio","Clotho v2.1 eval","en","E|N|S","CLAP","equal_weight_rrf_k60","gemma4_relevance","20|50|100","50","planned_not_run","method_family; expand dataset views and controlled ablations separately"
"environment_audio__b_e_n_s__none","environment_audio","Clotho v2.1 eval","en","B|E|N|S","CLAP","equal_weight_rrf_k60","none","not_applicable","not_applicable","planned_not_run","method_family; expand dataset views and controlled ablations separately"
"environment_audio__b_e_n_s__laya_text","environment_audio","Clotho v2.1 eval","en","B|E|N|S","CLAP","equal_weight_rrf_k60","laya_text","20|50|100","50","planned_not_run","method_family; expand dataset views and controlled ablations separately"
"environment_audio__b_e_n_s__bge_reranker_text","environment_audio","Clotho v2.1 eval","en","B|E|N|S","CLAP","equal_weight_rrf_k60","bge_reranker_text","20|50|100","50","planned_not_run","method_family; expand dataset views and controlled ablations separately"
"environment_audio__b_e_n_s__gemma4_relevance","environment_audio","Clotho v2.1 eval","en","B|E|N|S","CLAP","equal_weight_rrf_k60","gemma4_relevance","20|50|100","50","planned_not_run","method_family; expand dataset views and controlled ablations separately"
"environment_audio__g_e_n_s__none","environment_audio","Clotho v2.1 eval","en","G|E|N|S","CLAP","equal_weight_rrf_k60","none","not_applicable","not_applicable","planned_not_run","method_family; expand dataset views and controlled ablations separately"
"environment_audio__g_e_n_s__laya_text","environment_audio","Clotho v2.1 eval","en","G|E|N|S","CLAP","equal_weight_rrf_k60","laya_text","20|50|100","50","planned_not_run","method_family; expand dataset views and controlled ablations separately"
"environment_audio__g_e_n_s__bge_reranker_text","environment_audio","Clotho v2.1 eval","en","G|E|N|S","CLAP","equal_weight_rrf_k60","bge_reranker_text","20|50|100","50","planned_not_run","method_family; expand dataset views and controlled ablations separately"
"environment_audio__g_e_n_s__gemma4_relevance","environment_audio","Clotho v2.1 eval","en","G|E|N|S","CLAP","equal_weight_rrf_k60","gemma4_relevance","20|50|100","50","planned_not_run","method_family; expand dataset views and controlled ablations separately"
"environment_audio__b_g_e_n_s__none","environment_audio","Clotho v2.1 eval","en","B|G|E|N|S","CLAP","equal_weight_rrf_k60","none","not_applicable","not_applicable","planned_not_run","method_family; expand dataset views and controlled ablations separately"
"environment_audio__b_g_e_n_s__laya_text","environment_audio","Clotho v2.1 eval","en","B|G|E|N|S","CLAP","equal_weight_rrf_k60","laya_text","20|50|100","50","planned_not_run","method_family; expand dataset views and controlled ablations separately"
"environment_audio__b_g_e_n_s__bge_reranker_text","environment_audio","Clotho v2.1 eval","en","B|G|E|N|S","CLAP","equal_weight_rrf_k60","bge_reranker_text","20|50|100","50","planned_not_run","method_family; expand dataset views and controlled ablations separately"
"environment_audio__b_g_e_n_s__gemma4_relevance","environment_audio","Clotho v2.1 eval","en","B|G|E|N|S","CLAP","equal_weight_rrf_k60","gemma4_relevance","20|50|100","50","planned_not_run","method_family; expand dataset views and controlled ablations separately"
"environment_audio__j__none","environment_audio","Clotho v2.1 eval","en","J","none","identity","none","not_applicable","not_applicable","planned_not_run","method_family; expand dataset views and controlled ablations separately"
"environment_audio__j__laya_text","environment_audio","Clotho v2.1 eval","en","J","none","identity","laya_text","20|50|100","50","planned_not_run","method_family; expand dataset views and controlled ablations separately"
"environment_audio__j__bge_reranker_text","environment_audio","Clotho v2.1 eval","en","J","none","identity","bge_reranker_text","20|50|100","50","planned_not_run","method_family; expand dataset views and controlled ablations separately"
"environment_audio__j__gemma4_relevance","environment_audio","Clotho v2.1 eval","en","J","none","identity","gemma4_relevance","20|50|100","50","planned_not_run","method_family; expand dataset views and controlled ablations separately"
"environment_audio__b_j__none","environment_audio","Clotho v2.1 eval","en","B|J","none","equal_weight_rrf_k60","none","not_applicable","not_applicable","planned_not_run","method_family; expand dataset views and controlled ablations separately"
"environment_audio__b_j__laya_text","environment_audio","Clotho v2.1 eval","en","B|J","none","equal_weight_rrf_k60","laya_text","20|50|100","50","planned_not_run","method_family; expand dataset views and controlled ablations separately"
"environment_audio__b_j__bge_reranker_text","environment_audio","Clotho v2.1 eval","en","B|J","none","equal_weight_rrf_k60","bge_reranker_text","20|50|100","50","planned_not_run","method_family; expand dataset views and controlled ablations separately"
"environment_audio__b_j__gemma4_relevance","environment_audio","Clotho v2.1 eval","en","B|J","none","equal_weight_rrf_k60","gemma4_relevance","20|50|100","50","planned_not_run","method_family; expand dataset views and controlled ablations separately"
"environment_audio__g_j__none","environment_audio","Clotho v2.1 eval","en","G|J","none","equal_weight_rrf_k60","none","not_applicable","not_applicable","planned_not_run","method_family; expand dataset views and controlled ablations separately"
"environment_audio__g_j__laya_text","environment_audio","Clotho v2.1 eval","en","G|J","none","equal_weight_rrf_k60","laya_text","20|50|100","50","planned_not_run","method_family; expand dataset views and controlled ablations separately"
"environment_audio__g_j__bge_reranker_text","environment_audio","Clotho v2.1 eval","en","G|J","none","equal_weight_rrf_k60","bge_reranker_text","20|50|100","50","planned_not_run","method_family; expand dataset views and controlled ablations separately"
"environment_audio__g_j__gemma4_relevance","environment_audio","Clotho v2.1 eval","en","G|J","none","equal_weight_rrf_k60","gemma4_relevance","20|50|100","50","planned_not_run","method_family; expand dataset views and controlled ablations separately"
"environment_audio__b_g_j__none","environment_audio","Clotho v2.1 eval","en","B|G|J","none","equal_weight_rrf_k60","none","not_applicable","not_applicable","planned_not_run","method_family; expand dataset views and controlled ablations separately"
"environment_audio__b_g_j__laya_text","environment_audio","Clotho v2.1 eval","en","B|G|J","none","equal_weight_rrf_k60","laya_text","20|50|100","50","planned_not_run","method_family; expand dataset views and controlled ablations separately"
"environment_audio__b_g_j__bge_reranker_text","environment_audio","Clotho v2.1 eval","en","B|G|J","none","equal_weight_rrf_k60","bge_reranker_text","20|50|100","50","planned_not_run","method_family; expand dataset views and controlled ablations separately"
"environment_audio__b_g_j__gemma4_relevance","environment_audio","Clotho v2.1 eval","en","B|G|J","none","equal_weight_rrf_k60","gemma4_relevance","20|50|100","50","planned_not_run","method_family; expand dataset views and controlled ablations separately"
"environment_audio__e_j__none","environment_audio","Clotho v2.1 eval","en","E|J","none","equal_weight_rrf_k60","none","not_applicable","not_applicable","planned_not_run","method_family; expand dataset views and controlled ablations separately"
"environment_audio__e_j__laya_text","environment_audio","Clotho v2.1 eval","en","E|J","none","equal_weight_rrf_k60","laya_text","20|50|100","50","planned_not_run","method_family; expand dataset views and controlled ablations separately"
"environment_audio__e_j__bge_reranker_text","environment_audio","Clotho v2.1 eval","en","E|J","none","equal_weight_rrf_k60","bge_reranker_text","20|50|100","50","planned_not_run","method_family; expand dataset views and controlled ablations separately"
"environment_audio__e_j__gemma4_relevance","environment_audio","Clotho v2.1 eval","en","E|J","none","equal_weight_rrf_k60","gemma4_relevance","20|50|100","50","planned_not_run","method_family; expand dataset views and controlled ablations separately"
"environment_audio__b_e_j__none","environment_audio","Clotho v2.1 eval","en","B|E|J","none","equal_weight_rrf_k60","none","not_applicable","not_applicable","planned_not_run","method_family; expand dataset views and controlled ablations separately"
"environment_audio__b_e_j__laya_text","environment_audio","Clotho v2.1 eval","en","B|E|J","none","equal_weight_rrf_k60","laya_text","20|50|100","50","planned_not_run","method_family; expand dataset views and controlled ablations separately"
"environment_audio__b_e_j__bge_reranker_text","environment_audio","Clotho v2.1 eval","en","B|E|J","none","equal_weight_rrf_k60","bge_reranker_text","20|50|100","50","planned_not_run","method_family; expand dataset views and controlled ablations separately"
"environment_audio__b_e_j__gemma4_relevance","environment_audio","Clotho v2.1 eval","en","B|E|J","none","equal_weight_rrf_k60","gemma4_relevance","20|50|100","50","planned_not_run","method_family; expand dataset views and controlled ablations separately"
"environment_audio__g_e_j__none","environment_audio","Clotho v2.1 eval","en","G|E|J","none","equal_weight_rrf_k60","none","not_applicable","not_applicable","planned_not_run","method_family; expand dataset views and controlled ablations separately"
"environment_audio__g_e_j__laya_text","environment_audio","Clotho v2.1 eval","en","G|E|J","none","equal_weight_rrf_k60","laya_text","20|50|100","50","planned_not_run","method_family; expand dataset views and controlled ablations separately"
"environment_audio__g_e_j__bge_reranker_text","environment_audio","Clotho v2.1 eval","en","G|E|J","none","equal_weight_rrf_k60","bge_reranker_text","20|50|100","50","planned_not_run","method_family; expand dataset views and controlled ablations separately"
"environment_audio__g_e_j__gemma4_relevance","environment_audio","Clotho v2.1 eval","en","G|E|J","none","equal_weight_rrf_k60","gemma4_relevance","20|50|100","50","planned_not_run","method_family; expand dataset views and controlled ablations separately"
"environment_audio__b_g_e_j__none","environment_audio","Clotho v2.1 eval","en","B|G|E|J","none","equal_weight_rrf_k60","none","not_applicable","not_applicable","planned_not_run","method_family; expand dataset views and controlled ablations separately"
"environment_audio__b_g_e_j__laya_text","environment_audio","Clotho v2.1 eval","en","B|G|E|J","none","equal_weight_rrf_k60","laya_text","20|50|100","50","planned_not_run","method_family; expand dataset views and controlled ablations separately"
"environment_audio__b_g_e_j__bge_reranker_text","environment_audio","Clotho v2.1 eval","en","B|G|E|J","none","equal_weight_rrf_k60","bge_reranker_text","20|50|100","50","planned_not_run","method_family; expand dataset views and controlled ablations separately"
"environment_audio__b_g_e_j__gemma4_relevance","environment_audio","Clotho v2.1 eval","en","B|G|E|J","none","equal_weight_rrf_k60","gemma4_relevance","20|50|100","50","planned_not_run","method_family; expand dataset views and controlled ablations separately"
"environment_audio__n_j__none","environment_audio","Clotho v2.1 eval","en","N|J","none","equal_weight_rrf_k60","none","not_applicable","not_applicable","planned_not_run","method_family; expand dataset views and controlled ablations separately"
"environment_audio__n_j__laya_text","environment_audio","Clotho v2.1 eval","en","N|J","none","equal_weight_rrf_k60","laya_text","20|50|100","50","planned_not_run","method_family; expand dataset views and controlled ablations separately"
"environment_audio__n_j__bge_reranker_text","environment_audio","Clotho v2.1 eval","en","N|J","none","equal_weight_rrf_k60","bge_reranker_text","20|50|100","50","planned_not_run","method_family; expand dataset views and controlled ablations separately"
"environment_audio__n_j__gemma4_relevance","environment_audio","Clotho v2.1 eval","en","N|J","none","equal_weight_rrf_k60","gemma4_relevance","20|50|100","50","planned_not_run","method_family; expand dataset views and controlled ablations separately"
"environment_audio__b_n_j__none","environment_audio","Clotho v2.1 eval","en","B|N|J","none","equal_weight_rrf_k60","none","not_applicable","not_applicable","planned_not_run","method_family; expand dataset views and controlled ablations separately"
"environment_audio__b_n_j__laya_text","environment_audio","Clotho v2.1 eval","en","B|N|J","none","equal_weight_rrf_k60","laya_text","20|50|100","50","planned_not_run","method_family; expand dataset views and controlled ablations separately"
"environment_audio__b_n_j__bge_reranker_text","environment_audio","Clotho v2.1 eval","en","B|N|J","none","equal_weight_rrf_k60","bge_reranker_text","20|50|100","50","planned_not_run","method_family; expand dataset views and controlled ablations separately"
"environment_audio__b_n_j__gemma4_relevance","environment_audio","Clotho v2.1 eval","en","B|N|J","none","equal_weight_rrf_k60","gemma4_relevance","20|50|100","50","planned_not_run","method_family; expand dataset views and controlled ablations separately"
"environment_audio__g_n_j__none","environment_audio","Clotho v2.1 eval","en","G|N|J","none","equal_weight_rrf_k60","none","not_applicable","not_applicable","planned_not_run","method_family; expand dataset views and controlled ablations separately"
"environment_audio__g_n_j__laya_text","environment_audio","Clotho v2.1 eval","en","G|N|J","none","equal_weight_rrf_k60","laya_text","20|50|100","50","planned_not_run","method_family; expand dataset views and controlled ablations separately"
"environment_audio__g_n_j__bge_reranker_text","environment_audio","Clotho v2.1 eval","en","G|N|J","none","equal_weight_rrf_k60","bge_reranker_text","20|50|100","50","planned_not_run","method_family; expand dataset views and controlled ablations separately"
"environment_audio__g_n_j__gemma4_relevance","environment_audio","Clotho v2.1 eval","en","G|N|J","none","equal_weight_rrf_k60","gemma4_relevance","20|50|100","50","planned_not_run","method_family; expand dataset views and controlled ablations separately"
"environment_audio__b_g_n_j__none","environment_audio","Clotho v2.1 eval","en","B|G|N|J","none","equal_weight_rrf_k60","none","not_applicable","not_applicable","planned_not_run","method_family; expand dataset views and controlled ablations separately"
"environment_audio__b_g_n_j__laya_text","environment_audio","Clotho v2.1 eval","en","B|G|N|J","none","equal_weight_rrf_k60","laya_text","20|50|100","50","planned_not_run","method_family; expand dataset views and controlled ablations separately"
"environment_audio__b_g_n_j__bge_reranker_text","environment_audio","Clotho v2.1 eval","en","B|G|N|J","none","equal_weight_rrf_k60","bge_reranker_text","20|50|100","50","planned_not_run","method_family; expand dataset views and controlled ablations separately"
"environment_audio__b_g_n_j__gemma4_relevance","environment_audio","Clotho v2.1 eval","en","B|G|N|J","none","equal_weight_rrf_k60","gemma4_relevance","20|50|100","50","planned_not_run","method_family; expand dataset views and controlled ablations separately"
"environment_audio__e_n_j__none","environment_audio","Clotho v2.1 eval","en","E|N|J","none","equal_weight_rrf_k60","none","not_applicable","not_applicable","planned_not_run","method_family; expand dataset views and controlled ablations separately"
"environment_audio__e_n_j__laya_text","environment_audio","Clotho v2.1 eval","en","E|N|J","none","equal_weight_rrf_k60","laya_text","20|50|100","50","planned_not_run","method_family; expand dataset views and controlled ablations separately"
"environment_audio__e_n_j__bge_reranker_text","environment_audio","Clotho v2.1 eval","en","E|N|J","none","equal_weight_rrf_k60","bge_reranker_text","20|50|100","50","planned_not_run","method_family; expand dataset views and controlled ablations separately"
"environment_audio__e_n_j__gemma4_relevance","environment_audio","Clotho v2.1 eval","en","E|N|J","none","equal_weight_rrf_k60","gemma4_relevance","20|50|100","50","planned_not_run","method_family; expand dataset views and controlled ablations separately"
"environment_audio__b_e_n_j__none","environment_audio","Clotho v2.1 eval","en","B|E|N|J","none","equal_weight_rrf_k60","none","not_applicable","not_applicable","planned_not_run","method_family; expand dataset views and controlled ablations separately"
"environment_audio__b_e_n_j__laya_text","environment_audio","Clotho v2.1 eval","en","B|E|N|J","none","equal_weight_rrf_k60","laya_text","20|50|100","50","planned_not_run","method_family; expand dataset views and controlled ablations separately"
"environment_audio__b_e_n_j__bge_reranker_text","environment_audio","Clotho v2.1 eval","en","B|E|N|J","none","equal_weight_rrf_k60","bge_reranker_text","20|50|100","50","planned_not_run","method_family; expand dataset views and controlled ablations separately"
"environment_audio__b_e_n_j__gemma4_relevance","environment_audio","Clotho v2.1 eval","en","B|E|N|J","none","equal_weight_rrf_k60","gemma4_relevance","20|50|100","50","planned_not_run","method_family; expand dataset views and controlled ablations separately"
"environment_audio__g_e_n_j__none","environment_audio","Clotho v2.1 eval","en","G|E|N|J","none","equal_weight_rrf_k60","none","not_applicable","not_applicable","planned_not_run","method_family; expand dataset views and controlled ablations separately"
"environment_audio__g_e_n_j__laya_text","environment_audio","Clotho v2.1 eval","en","G|E|N|J","none","equal_weight_rrf_k60","laya_text","20|50|100","50","planned_not_run","method_family; expand dataset views and controlled ablations separately"
"environment_audio__g_e_n_j__bge_reranker_text","environment_audio","Clotho v2.1 eval","en","G|E|N|J","none","equal_weight_rrf_k60","bge_reranker_text","20|50|100","50","planned_not_run","method_family; expand dataset views and controlled ablations separately"
"environment_audio__g_e_n_j__gemma4_relevance","environment_audio","Clotho v2.1 eval","en","G|E|N|J","none","equal_weight_rrf_k60","gemma4_relevance","20|50|100","50","planned_not_run","method_family; expand dataset views and controlled ablations separately"
"environment_audio__b_g_e_n_j__none","environment_audio","Clotho v2.1 eval","en","B|G|E|N|J","none","equal_weight_rrf_k60","none","not_applicable","not_applicable","planned_not_run","method_family; expand dataset views and controlled ablations separately"
"environment_audio__b_g_e_n_j__laya_text","environment_audio","Clotho v2.1 eval","en","B|G|E|N|J","none","equal_weight_rrf_k60","laya_text","20|50|100","50","planned_not_run","method_family; expand dataset views and controlled ablations separately"
"environment_audio__b_g_e_n_j__bge_reranker_text","environment_audio","Clotho v2.1 eval","en","B|G|E|N|J","none","equal_weight_rrf_k60","bge_reranker_text","20|50|100","50","planned_not_run","method_family; expand dataset views and controlled ablations separately"
"environment_audio__b_g_e_n_j__gemma4_relevance","environment_audio","Clotho v2.1 eval","en","B|G|E|N|J","none","equal_weight_rrf_k60","gemma4_relevance","20|50|100","50","planned_not_run","method_family; expand dataset views and controlled ablations separately"
"environment_audio__s_j__none","environment_audio","Clotho v2.1 eval","en","S|J","CLAP","equal_weight_rrf_k60","none","not_applicable","not_applicable","planned_not_run","method_family; expand dataset views and controlled ablations separately"
"environment_audio__s_j__laya_text","environment_audio","Clotho v2.1 eval","en","S|J","CLAP","equal_weight_rrf_k60","laya_text","20|50|100","50","planned_not_run","method_family; expand dataset views and controlled ablations separately"
"environment_audio__s_j__bge_reranker_text","environment_audio","Clotho v2.1 eval","en","S|J","CLAP","equal_weight_rrf_k60","bge_reranker_text","20|50|100","50","planned_not_run","method_family; expand dataset views and controlled ablations separately"
"environment_audio__s_j__gemma4_relevance","environment_audio","Clotho v2.1 eval","en","S|J","CLAP","equal_weight_rrf_k60","gemma4_relevance","20|50|100","50","planned_not_run","method_family; expand dataset views and controlled ablations separately"
"environment_audio__b_s_j__none","environment_audio","Clotho v2.1 eval","en","B|S|J","CLAP","equal_weight_rrf_k60","none","not_applicable","not_applicable","planned_not_run","method_family; expand dataset views and controlled ablations separately"
"environment_audio__b_s_j__laya_text","environment_audio","Clotho v2.1 eval","en","B|S|J","CLAP","equal_weight_rrf_k60","laya_text","20|50|100","50","planned_not_run","method_family; expand dataset views and controlled ablations separately"
"environment_audio__b_s_j__bge_reranker_text","environment_audio","Clotho v2.1 eval","en","B|S|J","CLAP","equal_weight_rrf_k60","bge_reranker_text","20|50|100","50","planned_not_run","method_family; expand dataset views and controlled ablations separately"
"environment_audio__b_s_j__gemma4_relevance","environment_audio","Clotho v2.1 eval","en","B|S|J","CLAP","equal_weight_rrf_k60","gemma4_relevance","20|50|100","50","planned_not_run","method_family; expand dataset views and controlled ablations separately"
"environment_audio__g_s_j__none","environment_audio","Clotho v2.1 eval","en","G|S|J","CLAP","equal_weight_rrf_k60","none","not_applicable","not_applicable","planned_not_run","method_family; expand dataset views and controlled ablations separately"
"environment_audio__g_s_j__laya_text","environment_audio","Clotho v2.1 eval","en","G|S|J","CLAP","equal_weight_rrf_k60","laya_text","20|50|100","50","planned_not_run","method_family; expand dataset views and controlled ablations separately"
"environment_audio__g_s_j__bge_reranker_text","environment_audio","Clotho v2.1 eval","en","G|S|J","CLAP","equal_weight_rrf_k60","bge_reranker_text","20|50|100","50","planned_not_run","method_family; expand dataset views and controlled ablations separately"
"environment_audio__g_s_j__gemma4_relevance","environment_audio","Clotho v2.1 eval","en","G|S|J","CLAP","equal_weight_rrf_k60","gemma4_relevance","20|50|100","50","planned_not_run","method_family; expand dataset views and controlled ablations separately"
"environment_audio__b_g_s_j__none","environment_audio","Clotho v2.1 eval","en","B|G|S|J","CLAP","equal_weight_rrf_k60","none","not_applicable","not_applicable","planned_not_run","method_family; expand dataset views and controlled ablations separately"
"environment_audio__b_g_s_j__laya_text","environment_audio","Clotho v2.1 eval","en","B|G|S|J","CLAP","equal_weight_rrf_k60","laya_text","20|50|100","50","planned_not_run","method_family; expand dataset views and controlled ablations separately"
"environment_audio__b_g_s_j__bge_reranker_text","environment_audio","Clotho v2.1 eval","en","B|G|S|J","CLAP","equal_weight_rrf_k60","bge_reranker_text","20|50|100","50","planned_not_run","method_family; expand dataset views and controlled ablations separately"
"environment_audio__b_g_s_j__gemma4_relevance","environment_audio","Clotho v2.1 eval","en","B|G|S|J","CLAP","equal_weight_rrf_k60","gemma4_relevance","20|50|100","50","planned_not_run","method_family; expand dataset views and controlled ablations separately"
"environment_audio__e_s_j__none","environment_audio","Clotho v2.1 eval","en","E|S|J","CLAP","equal_weight_rrf_k60","none","not_applicable","not_applicable","planned_not_run","method_family; expand dataset views and controlled ablations separately"
"environment_audio__e_s_j__laya_text","environment_audio","Clotho v2.1 eval","en","E|S|J","CLAP","equal_weight_rrf_k60","laya_text","20|50|100","50","planned_not_run","method_family; expand dataset views and controlled ablations separately"
"environment_audio__e_s_j__bge_reranker_text","environment_audio","Clotho v2.1 eval","en","E|S|J","CLAP","equal_weight_rrf_k60","bge_reranker_text","20|50|100","50","planned_not_run","method_family; expand dataset views and controlled ablations separately"
"environment_audio__e_s_j__gemma4_relevance","environment_audio","Clotho v2.1 eval","en","E|S|J","CLAP","equal_weight_rrf_k60","gemma4_relevance","20|50|100","50","planned_not_run","method_family; expand dataset views and controlled ablations separately"
"environment_audio__b_e_s_j__none","environment_audio","Clotho v2.1 eval","en","B|E|S|J","CLAP","equal_weight_rrf_k60","none","not_applicable","not_applicable","planned_not_run","method_family; expand dataset views and controlled ablations separately"
"environment_audio__b_e_s_j__laya_text","environment_audio","Clotho v2.1 eval","en","B|E|S|J","CLAP","equal_weight_rrf_k60","laya_text","20|50|100","50","planned_not_run","method_family; expand dataset views and controlled ablations separately"
"environment_audio__b_e_s_j__bge_reranker_text","environment_audio","Clotho v2.1 eval","en","B|E|S|J","CLAP","equal_weight_rrf_k60","bge_reranker_text","20|50|100","50","planned_not_run","method_family; expand dataset views and controlled ablations separately"
"environment_audio__b_e_s_j__gemma4_relevance","environment_audio","Clotho v2.1 eval","en","B|E|S|J","CLAP","equal_weight_rrf_k60","gemma4_relevance","20|50|100","50","planned_not_run","method_family; expand dataset views and controlled ablations separately"
"environment_audio__g_e_s_j__none","environment_audio","Clotho v2.1 eval","en","G|E|S|J","CLAP","equal_weight_rrf_k60","none","not_applicable","not_applicable","planned_not_run","method_family; expand dataset views and controlled ablations separately"
"environment_audio__g_e_s_j__laya_text","environment_audio","Clotho v2.1 eval","en","G|E|S|J","CLAP","equal_weight_rrf_k60","laya_text","20|50|100","50","planned_not_run","method_family; expand dataset views and controlled ablations separately"
"environment_audio__g_e_s_j__bge_reranker_text","environment_audio","Clotho v2.1 eval","en","G|E|S|J","CLAP","equal_weight_rrf_k60","bge_reranker_text","20|50|100","50","planned_not_run","method_family; expand dataset views and controlled ablations separately"
"environment_audio__g_e_s_j__gemma4_relevance","environment_audio","Clotho v2.1 eval","en","G|E|S|J","CLAP","equal_weight_rrf_k60","gemma4_relevance","20|50|100","50","planned_not_run","method_family; expand dataset views and controlled ablations separately"
"environment_audio__b_g_e_s_j__none","environment_audio","Clotho v2.1 eval","en","B|G|E|S|J","CLAP","equal_weight_rrf_k60","none","not_applicable","not_applicable","planned_not_run","method_family; expand dataset views and controlled ablations separately"
"environment_audio__b_g_e_s_j__laya_text","environment_audio","Clotho v2.1 eval","en","B|G|E|S|J","CLAP","equal_weight_rrf_k60","laya_text","20|50|100","50","planned_not_run","method_family; expand dataset views and controlled ablations separately"
"environment_audio__b_g_e_s_j__bge_reranker_text","environment_audio","Clotho v2.1 eval","en","B|G|E|S|J","CLAP","equal_weight_rrf_k60","bge_reranker_text","20|50|100","50","planned_not_run","method_family; expand dataset views and controlled ablations separately"
"environment_audio__b_g_e_s_j__gemma4_relevance","environment_audio","Clotho v2.1 eval","en","B|G|E|S|J","CLAP","equal_weight_rrf_k60","gemma4_relevance","20|50|100","50","planned_not_run","method_family; expand dataset views and controlled ablations separately"
"environment_audio__n_s_j__none","environment_audio","Clotho v2.1 eval","en","N|S|J","CLAP","equal_weight_rrf_k60","none","not_applicable","not_applicable","planned_not_run","method_family; expand dataset views and controlled ablations separately"
"environment_audio__n_s_j__laya_text","environment_audio","Clotho v2.1 eval","en","N|S|J","CLAP","equal_weight_rrf_k60","laya_text","20|50|100","50","planned_not_run","method_family; expand dataset views and controlled ablations separately"
"environment_audio__n_s_j__bge_reranker_text","environment_audio","Clotho v2.1 eval","en","N|S|J","CLAP","equal_weight_rrf_k60","bge_reranker_text","20|50|100","50","planned_not_run","method_family; expand dataset views and controlled ablations separately"
"environment_audio__n_s_j__gemma4_relevance","environment_audio","Clotho v2.1 eval","en","N|S|J","CLAP","equal_weight_rrf_k60","gemma4_relevance","20|50|100","50","planned_not_run","method_family; expand dataset views and controlled ablations separately"
"environment_audio__b_n_s_j__none","environment_audio","Clotho v2.1 eval","en","B|N|S|J","CLAP","equal_weight_rrf_k60","none","not_applicable","not_applicable","planned_not_run","method_family; expand dataset views and controlled ablations separately"
"environment_audio__b_n_s_j__laya_text","environment_audio","Clotho v2.1 eval","en","B|N|S|J","CLAP","equal_weight_rrf_k60","laya_text","20|50|100","50","planned_not_run","method_family; expand dataset views and controlled ablations separately"
"environment_audio__b_n_s_j__bge_reranker_text","environment_audio","Clotho v2.1 eval","en","B|N|S|J","CLAP","equal_weight_rrf_k60","bge_reranker_text","20|50|100","50","planned_not_run","method_family; expand dataset views and controlled ablations separately"
"environment_audio__b_n_s_j__gemma4_relevance","environment_audio","Clotho v2.1 eval","en","B|N|S|J","CLAP","equal_weight_rrf_k60","gemma4_relevance","20|50|100","50","planned_not_run","method_family; expand dataset views and controlled ablations separately"
"environment_audio__g_n_s_j__none","environment_audio","Clotho v2.1 eval","en","G|N|S|J","CLAP","equal_weight_rrf_k60","none","not_applicable","not_applicable","planned_not_run","method_family; expand dataset views and controlled ablations separately"
"environment_audio__g_n_s_j__laya_text","environment_audio","Clotho v2.1 eval","en","G|N|S|J","CLAP","equal_weight_rrf_k60","laya_text","20|50|100","50","planned_not_run","method_family; expand dataset views and controlled ablations separately"
"environment_audio__g_n_s_j__bge_reranker_text","environment_audio","Clotho v2.1 eval","en","G|N|S|J","CLAP","equal_weight_rrf_k60","bge_reranker_text","20|50|100","50","planned_not_run","method_family; expand dataset views and controlled ablations separately"
"environment_audio__g_n_s_j__gemma4_relevance","environment_audio","Clotho v2.1 eval","en","G|N|S|J","CLAP","equal_weight_rrf_k60","gemma4_relevance","20|50|100","50","planned_not_run","method_family; expand dataset views and controlled ablations separately"
"environment_audio__b_g_n_s_j__none","environment_audio","Clotho v2.1 eval","en","B|G|N|S|J","CLAP","equal_weight_rrf_k60","none","not_applicable","not_applicable","planned_not_run","method_family; expand dataset views and controlled ablations separately"
"environment_audio__b_g_n_s_j__laya_text","environment_audio","Clotho v2.1 eval","en","B|G|N|S|J","CLAP","equal_weight_rrf_k60","laya_text","20|50|100","50","planned_not_run","method_family; expand dataset views and controlled ablations separately"
"environment_audio__b_g_n_s_j__bge_reranker_text","environment_audio","Clotho v2.1 eval","en","B|G|N|S|J","CLAP","equal_weight_rrf_k60","bge_reranker_text","20|50|100","50","planned_not_run","method_family; expand dataset views and controlled ablations separately"
"environment_audio__b_g_n_s_j__gemma4_relevance","environment_audio","Clotho v2.1 eval","en","B|G|N|S|J","CLAP","equal_weight_rrf_k60","gemma4_relevance","20|50|100","50","planned_not_run","method_family; expand dataset views and controlled ablations separately"
"environment_audio__e_n_s_j__none","environment_audio","Clotho v2.1 eval","en","E|N|S|J","CLAP","equal_weight_rrf_k60","none","not_applicable","not_applicable","planned_not_run","method_family; expand dataset views and controlled ablations separately"
"environment_audio__e_n_s_j__laya_text","environment_audio","Clotho v2.1 eval","en","E|N|S|J","CLAP","equal_weight_rrf_k60","laya_text","20|50|100","50","planned_not_run","method_family; expand dataset views and controlled ablations separately"
"environment_audio__e_n_s_j__bge_reranker_text","environment_audio","Clotho v2.1 eval","en","E|N|S|J","CLAP","equal_weight_rrf_k60","bge_reranker_text","20|50|100","50","planned_not_run","method_family; expand dataset views and controlled ablations separately"
"environment_audio__e_n_s_j__gemma4_relevance","environment_audio","Clotho v2.1 eval","en","E|N|S|J","CLAP","equal_weight_rrf_k60","gemma4_relevance","20|50|100","50","planned_not_run","method_family; expand dataset views and controlled ablations separately"
"environment_audio__b_e_n_s_j__none","environment_audio","Clotho v2.1 eval","en","B|E|N|S|J","CLAP","equal_weight_rrf_k60","none","not_applicable","not_applicable","planned_not_run","method_family; expand dataset views and controlled ablations separately"
"environment_audio__b_e_n_s_j__laya_text","environment_audio","Clotho v2.1 eval","en","B|E|N|S|J","CLAP","equal_weight_rrf_k60","laya_text","20|50|100","50","planned_not_run","method_family; expand dataset views and controlled ablations separately"
"environment_audio__b_e_n_s_j__bge_reranker_text","environment_audio","Clotho v2.1 eval","en","B|E|N|S|J","CLAP","equal_weight_rrf_k60","bge_reranker_text","20|50|100","50","planned_not_run","method_family; expand dataset views and controlled ablations separately"
"environment_audio__b_e_n_s_j__gemma4_relevance","environment_audio","Clotho v2.1 eval","en","B|E|N|S|J","CLAP","equal_weight_rrf_k60","gemma4_relevance","20|50|100","50","planned_not_run","method_family; expand dataset views and controlled ablations separately"
"environment_audio__g_e_n_s_j__none","environment_audio","Clotho v2.1 eval","en","G|E|N|S|J","CLAP","equal_weight_rrf_k60","none","not_applicable","not_applicable","planned_not_run","method_family; expand dataset views and controlled ablations separately"
"environment_audio__g_e_n_s_j__laya_text","environment_audio","Clotho v2.1 eval","en","G|E|N|S|J","CLAP","equal_weight_rrf_k60","laya_text","20|50|100","50","planned_not_run","method_family; expand dataset views and controlled ablations separately"
"environment_audio__g_e_n_s_j__bge_reranker_text","environment_audio","Clotho v2.1 eval","en","G|E|N|S|J","CLAP","equal_weight_rrf_k60","bge_reranker_text","20|50|100","50","planned_not_run","method_family; expand dataset views and controlled ablations separately"
"environment_audio__g_e_n_s_j__gemma4_relevance","environment_audio","Clotho v2.1 eval","en","G|E|N|S|J","CLAP","equal_weight_rrf_k60","gemma4_relevance","20|50|100","50","planned_not_run","method_family; expand dataset views and controlled ablations separately"
"environment_audio__b_g_e_n_s_j__none","environment_audio","Clotho v2.1 eval","en","B|G|E|N|S|J","CLAP","equal_weight_rrf_k60","none","not_applicable","not_applicable","planned_not_run","method_family; expand dataset views and controlled ablations separately"
"environment_audio__b_g_e_n_s_j__laya_text","environment_audio","Clotho v2.1 eval","en","B|G|E|N|S|J","CLAP","equal_weight_rrf_k60","laya_text","20|50|100","50","planned_not_run","method_family; expand dataset views and controlled ablations separately"
"environment_audio__b_g_e_n_s_j__bge_reranker_text","environment_audio","Clotho v2.1 eval","en","B|G|E|N|S|J","CLAP","equal_weight_rrf_k60","bge_reranker_text","20|50|100","50","planned_not_run","method_family; expand dataset views and controlled ablations separately"
"environment_audio__b_g_e_n_s_j__gemma4_relevance","environment_audio","Clotho v2.1 eval","en","B|G|E|N|S|J","CLAP","equal_weight_rrf_k60","gemma4_relevance","20|50|100","50","planned_not_run","method_family; expand dataset views and controlled ablations separately"
"speech__b__none","speech","FLEURS tr_tr test","tr; grouped sentence IDs","B","none","identity","none","not_applicable","not_applicable","planned_not_run","method_family; expand dataset views and controlled ablations separately"
"speech__b__laya_text","speech","FLEURS tr_tr test","tr; grouped sentence IDs","B","none","identity","laya_text","20|50|100","50","planned_not_run","method_family; expand dataset views and controlled ablations separately"
"speech__b__bge_reranker_text","speech","FLEURS tr_tr test","tr; grouped sentence IDs","B","none","identity","bge_reranker_text","20|50|100","50","planned_not_run","method_family; expand dataset views and controlled ablations separately"
"speech__b__gemma4_relevance","speech","FLEURS tr_tr test","tr; grouped sentence IDs","B","none","identity","gemma4_relevance","20|50|100","50","planned_not_run","method_family; expand dataset views and controlled ablations separately"
"speech__g__none","speech","FLEURS tr_tr test","tr; grouped sentence IDs","G","none","identity","none","not_applicable","not_applicable","planned_not_run","method_family; expand dataset views and controlled ablations separately"
"speech__g__laya_text","speech","FLEURS tr_tr test","tr; grouped sentence IDs","G","none","identity","laya_text","20|50|100","50","planned_not_run","method_family; expand dataset views and controlled ablations separately"
"speech__g__bge_reranker_text","speech","FLEURS tr_tr test","tr; grouped sentence IDs","G","none","identity","bge_reranker_text","20|50|100","50","planned_not_run","method_family; expand dataset views and controlled ablations separately"
"speech__g__gemma4_relevance","speech","FLEURS tr_tr test","tr; grouped sentence IDs","G","none","identity","gemma4_relevance","20|50|100","50","planned_not_run","method_family; expand dataset views and controlled ablations separately"
"speech__b_g__none","speech","FLEURS tr_tr test","tr; grouped sentence IDs","B|G","none","equal_weight_rrf_k60","none","not_applicable","not_applicable","planned_not_run","method_family; expand dataset views and controlled ablations separately"
"speech__b_g__laya_text","speech","FLEURS tr_tr test","tr; grouped sentence IDs","B|G","none","equal_weight_rrf_k60","laya_text","20|50|100","50","planned_not_run","method_family; expand dataset views and controlled ablations separately"
"speech__b_g__bge_reranker_text","speech","FLEURS tr_tr test","tr; grouped sentence IDs","B|G","none","equal_weight_rrf_k60","bge_reranker_text","20|50|100","50","planned_not_run","method_family; expand dataset views and controlled ablations separately"
"speech__b_g__gemma4_relevance","speech","FLEURS tr_tr test","tr; grouped sentence IDs","B|G","none","equal_weight_rrf_k60","gemma4_relevance","20|50|100","50","planned_not_run","method_family; expand dataset views and controlled ablations separately"
"speech__e__none","speech","FLEURS tr_tr test","tr; grouped sentence IDs","E","none","identity","none","not_applicable","not_applicable","planned_not_run","method_family; expand dataset views and controlled ablations separately"
"speech__e__laya_text","speech","FLEURS tr_tr test","tr; grouped sentence IDs","E","none","identity","laya_text","20|50|100","50","planned_not_run","method_family; expand dataset views and controlled ablations separately"
"speech__e__bge_reranker_text","speech","FLEURS tr_tr test","tr; grouped sentence IDs","E","none","identity","bge_reranker_text","20|50|100","50","planned_not_run","method_family; expand dataset views and controlled ablations separately"
"speech__e__gemma4_relevance","speech","FLEURS tr_tr test","tr; grouped sentence IDs","E","none","identity","gemma4_relevance","20|50|100","50","planned_not_run","method_family; expand dataset views and controlled ablations separately"
"speech__b_e__none","speech","FLEURS tr_tr test","tr; grouped sentence IDs","B|E","none","equal_weight_rrf_k60","none","not_applicable","not_applicable","planned_not_run","method_family; expand dataset views and controlled ablations separately"
"speech__b_e__laya_text","speech","FLEURS tr_tr test","tr; grouped sentence IDs","B|E","none","equal_weight_rrf_k60","laya_text","20|50|100","50","planned_not_run","method_family; expand dataset views and controlled ablations separately"
"speech__b_e__bge_reranker_text","speech","FLEURS tr_tr test","tr; grouped sentence IDs","B|E","none","equal_weight_rrf_k60","bge_reranker_text","20|50|100","50","planned_not_run","method_family; expand dataset views and controlled ablations separately"
"speech__b_e__gemma4_relevance","speech","FLEURS tr_tr test","tr; grouped sentence IDs","B|E","none","equal_weight_rrf_k60","gemma4_relevance","20|50|100","50","planned_not_run","method_family; expand dataset views and controlled ablations separately"
"speech__g_e__none","speech","FLEURS tr_tr test","tr; grouped sentence IDs","G|E","none","equal_weight_rrf_k60","none","not_applicable","not_applicable","planned_not_run","method_family; expand dataset views and controlled ablations separately"
"speech__g_e__laya_text","speech","FLEURS tr_tr test","tr; grouped sentence IDs","G|E","none","equal_weight_rrf_k60","laya_text","20|50|100","50","planned_not_run","method_family; expand dataset views and controlled ablations separately"
"speech__g_e__bge_reranker_text","speech","FLEURS tr_tr test","tr; grouped sentence IDs","G|E","none","equal_weight_rrf_k60","bge_reranker_text","20|50|100","50","planned_not_run","method_family; expand dataset views and controlled ablations separately"
"speech__g_e__gemma4_relevance","speech","FLEURS tr_tr test","tr; grouped sentence IDs","G|E","none","equal_weight_rrf_k60","gemma4_relevance","20|50|100","50","planned_not_run","method_family; expand dataset views and controlled ablations separately"
"speech__b_g_e__none","speech","FLEURS tr_tr test","tr; grouped sentence IDs","B|G|E","none","equal_weight_rrf_k60","none","not_applicable","not_applicable","planned_not_run","method_family; expand dataset views and controlled ablations separately"
"speech__b_g_e__laya_text","speech","FLEURS tr_tr test","tr; grouped sentence IDs","B|G|E","none","equal_weight_rrf_k60","laya_text","20|50|100","50","planned_not_run","method_family; expand dataset views and controlled ablations separately"
"speech__b_g_e__bge_reranker_text","speech","FLEURS tr_tr test","tr; grouped sentence IDs","B|G|E","none","equal_weight_rrf_k60","bge_reranker_text","20|50|100","50","planned_not_run","method_family; expand dataset views and controlled ablations separately"
"speech__b_g_e__gemma4_relevance","speech","FLEURS tr_tr test","tr; grouped sentence IDs","B|G|E","none","equal_weight_rrf_k60","gemma4_relevance","20|50|100","50","planned_not_run","method_family; expand dataset views and controlled ablations separately"
"speech__n__none","speech","FLEURS tr_tr test","tr; grouped sentence IDs","N","none","identity","none","not_applicable","not_applicable","planned_not_run","method_family; expand dataset views and controlled ablations separately"
"speech__n__laya_text","speech","FLEURS tr_tr test","tr; grouped sentence IDs","N","none","identity","laya_text","20|50|100","50","planned_not_run","method_family; expand dataset views and controlled ablations separately"
"speech__n__bge_reranker_text","speech","FLEURS tr_tr test","tr; grouped sentence IDs","N","none","identity","bge_reranker_text","20|50|100","50","planned_not_run","method_family; expand dataset views and controlled ablations separately"
"speech__n__gemma4_relevance","speech","FLEURS tr_tr test","tr; grouped sentence IDs","N","none","identity","gemma4_relevance","20|50|100","50","planned_not_run","method_family; expand dataset views and controlled ablations separately"
"speech__b_n__none","speech","FLEURS tr_tr test","tr; grouped sentence IDs","B|N","none","equal_weight_rrf_k60","none","not_applicable","not_applicable","planned_not_run","method_family; expand dataset views and controlled ablations separately"
"speech__b_n__laya_text","speech","FLEURS tr_tr test","tr; grouped sentence IDs","B|N","none","equal_weight_rrf_k60","laya_text","20|50|100","50","planned_not_run","method_family; expand dataset views and controlled ablations separately"
"speech__b_n__bge_reranker_text","speech","FLEURS tr_tr test","tr; grouped sentence IDs","B|N","none","equal_weight_rrf_k60","bge_reranker_text","20|50|100","50","planned_not_run","method_family; expand dataset views and controlled ablations separately"
"speech__b_n__gemma4_relevance","speech","FLEURS tr_tr test","tr; grouped sentence IDs","B|N","none","equal_weight_rrf_k60","gemma4_relevance","20|50|100","50","planned_not_run","method_family; expand dataset views and controlled ablations separately"
"speech__g_n__none","speech","FLEURS tr_tr test","tr; grouped sentence IDs","G|N","none","equal_weight_rrf_k60","none","not_applicable","not_applicable","planned_not_run","method_family; expand dataset views and controlled ablations separately"
"speech__g_n__laya_text","speech","FLEURS tr_tr test","tr; grouped sentence IDs","G|N","none","equal_weight_rrf_k60","laya_text","20|50|100","50","planned_not_run","method_family; expand dataset views and controlled ablations separately"
"speech__g_n__bge_reranker_text","speech","FLEURS tr_tr test","tr; grouped sentence IDs","G|N","none","equal_weight_rrf_k60","bge_reranker_text","20|50|100","50","planned_not_run","method_family; expand dataset views and controlled ablations separately"
"speech__g_n__gemma4_relevance","speech","FLEURS tr_tr test","tr; grouped sentence IDs","G|N","none","equal_weight_rrf_k60","gemma4_relevance","20|50|100","50","planned_not_run","method_family; expand dataset views and controlled ablations separately"
"speech__b_g_n__none","speech","FLEURS tr_tr test","tr; grouped sentence IDs","B|G|N","none","equal_weight_rrf_k60","none","not_applicable","not_applicable","planned_not_run","method_family; expand dataset views and controlled ablations separately"
"speech__b_g_n__laya_text","speech","FLEURS tr_tr test","tr; grouped sentence IDs","B|G|N","none","equal_weight_rrf_k60","laya_text","20|50|100","50","planned_not_run","method_family; expand dataset views and controlled ablations separately"
"speech__b_g_n__bge_reranker_text","speech","FLEURS tr_tr test","tr; grouped sentence IDs","B|G|N","none","equal_weight_rrf_k60","bge_reranker_text","20|50|100","50","planned_not_run","method_family; expand dataset views and controlled ablations separately"
"speech__b_g_n__gemma4_relevance","speech","FLEURS tr_tr test","tr; grouped sentence IDs","B|G|N","none","equal_weight_rrf_k60","gemma4_relevance","20|50|100","50","planned_not_run","method_family; expand dataset views and controlled ablations separately"
"speech__e_n__none","speech","FLEURS tr_tr test","tr; grouped sentence IDs","E|N","none","equal_weight_rrf_k60","none","not_applicable","not_applicable","planned_not_run","method_family; expand dataset views and controlled ablations separately"
"speech__e_n__laya_text","speech","FLEURS tr_tr test","tr; grouped sentence IDs","E|N","none","equal_weight_rrf_k60","laya_text","20|50|100","50","planned_not_run","method_family; expand dataset views and controlled ablations separately"
"speech__e_n__bge_reranker_text","speech","FLEURS tr_tr test","tr; grouped sentence IDs","E|N","none","equal_weight_rrf_k60","bge_reranker_text","20|50|100","50","planned_not_run","method_family; expand dataset views and controlled ablations separately"
"speech__e_n__gemma4_relevance","speech","FLEURS tr_tr test","tr; grouped sentence IDs","E|N","none","equal_weight_rrf_k60","gemma4_relevance","20|50|100","50","planned_not_run","method_family; expand dataset views and controlled ablations separately"
"speech__b_e_n__none","speech","FLEURS tr_tr test","tr; grouped sentence IDs","B|E|N","none","equal_weight_rrf_k60","none","not_applicable","not_applicable","planned_not_run","method_family; expand dataset views and controlled ablations separately"
"speech__b_e_n__laya_text","speech","FLEURS tr_tr test","tr; grouped sentence IDs","B|E|N","none","equal_weight_rrf_k60","laya_text","20|50|100","50","planned_not_run","method_family; expand dataset views and controlled ablations separately"
"speech__b_e_n__bge_reranker_text","speech","FLEURS tr_tr test","tr; grouped sentence IDs","B|E|N","none","equal_weight_rrf_k60","bge_reranker_text","20|50|100","50","planned_not_run","method_family; expand dataset views and controlled ablations separately"
"speech__b_e_n__gemma4_relevance","speech","FLEURS tr_tr test","tr; grouped sentence IDs","B|E|N","none","equal_weight_rrf_k60","gemma4_relevance","20|50|100","50","planned_not_run","method_family; expand dataset views and controlled ablations separately"
"speech__g_e_n__none","speech","FLEURS tr_tr test","tr; grouped sentence IDs","G|E|N","none","equal_weight_rrf_k60","none","not_applicable","not_applicable","planned_not_run","method_family; expand dataset views and controlled ablations separately"
"speech__g_e_n__laya_text","speech","FLEURS tr_tr test","tr; grouped sentence IDs","G|E|N","none","equal_weight_rrf_k60","laya_text","20|50|100","50","planned_not_run","method_family; expand dataset views and controlled ablations separately"
"speech__g_e_n__bge_reranker_text","speech","FLEURS tr_tr test","tr; grouped sentence IDs","G|E|N","none","equal_weight_rrf_k60","bge_reranker_text","20|50|100","50","planned_not_run","method_family; expand dataset views and controlled ablations separately"
"speech__g_e_n__gemma4_relevance","speech","FLEURS tr_tr test","tr; grouped sentence IDs","G|E|N","none","equal_weight_rrf_k60","gemma4_relevance","20|50|100","50","planned_not_run","method_family; expand dataset views and controlled ablations separately"
"speech__b_g_e_n__none","speech","FLEURS tr_tr test","tr; grouped sentence IDs","B|G|E|N","none","equal_weight_rrf_k60","none","not_applicable","not_applicable","planned_not_run","method_family; expand dataset views and controlled ablations separately"
"speech__b_g_e_n__laya_text","speech","FLEURS tr_tr test","tr; grouped sentence IDs","B|G|E|N","none","equal_weight_rrf_k60","laya_text","20|50|100","50","planned_not_run","method_family; expand dataset views and controlled ablations separately"
"speech__b_g_e_n__bge_reranker_text","speech","FLEURS tr_tr test","tr; grouped sentence IDs","B|G|E|N","none","equal_weight_rrf_k60","bge_reranker_text","20|50|100","50","planned_not_run","method_family; expand dataset views and controlled ablations separately"
"speech__b_g_e_n__gemma4_relevance","speech","FLEURS tr_tr test","tr; grouped sentence IDs","B|G|E|N","none","equal_weight_rrf_k60","gemma4_relevance","20|50|100","50","planned_not_run","method_family; expand dataset views and controlled ablations separately"
"speech__j__none","speech","FLEURS tr_tr test","tr; grouped sentence IDs","J","none","identity","none","not_applicable","not_applicable","planned_not_run","method_family; expand dataset views and controlled ablations separately"
"speech__j__laya_text","speech","FLEURS tr_tr test","tr; grouped sentence IDs","J","none","identity","laya_text","20|50|100","50","planned_not_run","method_family; expand dataset views and controlled ablations separately"
"speech__j__bge_reranker_text","speech","FLEURS tr_tr test","tr; grouped sentence IDs","J","none","identity","bge_reranker_text","20|50|100","50","planned_not_run","method_family; expand dataset views and controlled ablations separately"
"speech__j__gemma4_relevance","speech","FLEURS tr_tr test","tr; grouped sentence IDs","J","none","identity","gemma4_relevance","20|50|100","50","planned_not_run","method_family; expand dataset views and controlled ablations separately"
"speech__b_j__none","speech","FLEURS tr_tr test","tr; grouped sentence IDs","B|J","none","equal_weight_rrf_k60","none","not_applicable","not_applicable","planned_not_run","method_family; expand dataset views and controlled ablations separately"
"speech__b_j__laya_text","speech","FLEURS tr_tr test","tr; grouped sentence IDs","B|J","none","equal_weight_rrf_k60","laya_text","20|50|100","50","planned_not_run","method_family; expand dataset views and controlled ablations separately"
"speech__b_j__bge_reranker_text","speech","FLEURS tr_tr test","tr; grouped sentence IDs","B|J","none","equal_weight_rrf_k60","bge_reranker_text","20|50|100","50","planned_not_run","method_family; expand dataset views and controlled ablations separately"
"speech__b_j__gemma4_relevance","speech","FLEURS tr_tr test","tr; grouped sentence IDs","B|J","none","equal_weight_rrf_k60","gemma4_relevance","20|50|100","50","planned_not_run","method_family; expand dataset views and controlled ablations separately"
"speech__g_j__none","speech","FLEURS tr_tr test","tr; grouped sentence IDs","G|J","none","equal_weight_rrf_k60","none","not_applicable","not_applicable","planned_not_run","method_family; expand dataset views and controlled ablations separately"
"speech__g_j__laya_text","speech","FLEURS tr_tr test","tr; grouped sentence IDs","G|J","none","equal_weight_rrf_k60","laya_text","20|50|100","50","planned_not_run","method_family; expand dataset views and controlled ablations separately"
"speech__g_j__bge_reranker_text","speech","FLEURS tr_tr test","tr; grouped sentence IDs","G|J","none","equal_weight_rrf_k60","bge_reranker_text","20|50|100","50","planned_not_run","method_family; expand dataset views and controlled ablations separately"
"speech__g_j__gemma4_relevance","speech","FLEURS tr_tr test","tr; grouped sentence IDs","G|J","none","equal_weight_rrf_k60","gemma4_relevance","20|50|100","50","planned_not_run","method_family; expand dataset views and controlled ablations separately"
"speech__b_g_j__none","speech","FLEURS tr_tr test","tr; grouped sentence IDs","B|G|J","none","equal_weight_rrf_k60","none","not_applicable","not_applicable","planned_not_run","method_family; expand dataset views and controlled ablations separately"
"speech__b_g_j__laya_text","speech","FLEURS tr_tr test","tr; grouped sentence IDs","B|G|J","none","equal_weight_rrf_k60","laya_text","20|50|100","50","planned_not_run","method_family; expand dataset views and controlled ablations separately"
"speech__b_g_j__bge_reranker_text","speech","FLEURS tr_tr test","tr; grouped sentence IDs","B|G|J","none","equal_weight_rrf_k60","bge_reranker_text","20|50|100","50","planned_not_run","method_family; expand dataset views and controlled ablations separately"
"speech__b_g_j__gemma4_relevance","speech","FLEURS tr_tr test","tr; grouped sentence IDs","B|G|J","none","equal_weight_rrf_k60","gemma4_relevance","20|50|100","50","planned_not_run","method_family; expand dataset views and controlled ablations separately"
"speech__e_j__none","speech","FLEURS tr_tr test","tr; grouped sentence IDs","E|J","none","equal_weight_rrf_k60","none","not_applicable","not_applicable","planned_not_run","method_family; expand dataset views and controlled ablations separately"
"speech__e_j__laya_text","speech","FLEURS tr_tr test","tr; grouped sentence IDs","E|J","none","equal_weight_rrf_k60","laya_text","20|50|100","50","planned_not_run","method_family; expand dataset views and controlled ablations separately"
"speech__e_j__bge_reranker_text","speech","FLEURS tr_tr test","tr; grouped sentence IDs","E|J","none","equal_weight_rrf_k60","bge_reranker_text","20|50|100","50","planned_not_run","method_family; expand dataset views and controlled ablations separately"
"speech__e_j__gemma4_relevance","speech","FLEURS tr_tr test","tr; grouped sentence IDs","E|J","none","equal_weight_rrf_k60","gemma4_relevance","20|50|100","50","planned_not_run","method_family; expand dataset views and controlled ablations separately"
"speech__b_e_j__none","speech","FLEURS tr_tr test","tr; grouped sentence IDs","B|E|J","none","equal_weight_rrf_k60","none","not_applicable","not_applicable","planned_not_run","method_family; expand dataset views and controlled ablations separately"
"speech__b_e_j__laya_text","speech","FLEURS tr_tr test","tr; grouped sentence IDs","B|E|J","none","equal_weight_rrf_k60","laya_text","20|50|100","50","planned_not_run","method_family; expand dataset views and controlled ablations separately"
"speech__b_e_j__bge_reranker_text","speech","FLEURS tr_tr test","tr; grouped sentence IDs","B|E|J","none","equal_weight_rrf_k60","bge_reranker_text","20|50|100","50","planned_not_run","method_family; expand dataset views and controlled ablations separately"
"speech__b_e_j__gemma4_relevance","speech","FLEURS tr_tr test","tr; grouped sentence IDs","B|E|J","none","equal_weight_rrf_k60","gemma4_relevance","20|50|100","50","planned_not_run","method_family; expand dataset views and controlled ablations separately"
"speech__g_e_j__none","speech","FLEURS tr_tr test","tr; grouped sentence IDs","G|E|J","none","equal_weight_rrf_k60","none","not_applicable","not_applicable","planned_not_run","method_family; expand dataset views and controlled ablations separately"
"speech__g_e_j__laya_text","speech","FLEURS tr_tr test","tr; grouped sentence IDs","G|E|J","none","equal_weight_rrf_k60","laya_text","20|50|100","50","planned_not_run","method_family; expand dataset views and controlled ablations separately"
"speech__g_e_j__bge_reranker_text","speech","FLEURS tr_tr test","tr; grouped sentence IDs","G|E|J","none","equal_weight_rrf_k60","bge_reranker_text","20|50|100","50","planned_not_run","method_family; expand dataset views and controlled ablations separately"
"speech__g_e_j__gemma4_relevance","speech","FLEURS tr_tr test","tr; grouped sentence IDs","G|E|J","none","equal_weight_rrf_k60","gemma4_relevance","20|50|100","50","planned_not_run","method_family; expand dataset views and controlled ablations separately"
"speech__b_g_e_j__none","speech","FLEURS tr_tr test","tr; grouped sentence IDs","B|G|E|J","none","equal_weight_rrf_k60","none","not_applicable","not_applicable","planned_not_run","method_family; expand dataset views and controlled ablations separately"
"speech__b_g_e_j__laya_text","speech","FLEURS tr_tr test","tr; grouped sentence IDs","B|G|E|J","none","equal_weight_rrf_k60","laya_text","20|50|100","50","planned_not_run","method_family; expand dataset views and controlled ablations separately"
"speech__b_g_e_j__bge_reranker_text","speech","FLEURS tr_tr test","tr; grouped sentence IDs","B|G|E|J","none","equal_weight_rrf_k60","bge_reranker_text","20|50|100","50","planned_not_run","method_family; expand dataset views and controlled ablations separately"
"speech__b_g_e_j__gemma4_relevance","speech","FLEURS tr_tr test","tr; grouped sentence IDs","B|G|E|J","none","equal_weight_rrf_k60","gemma4_relevance","20|50|100","50","planned_not_run","method_family; expand dataset views and controlled ablations separately"
"speech__n_j__none","speech","FLEURS tr_tr test","tr; grouped sentence IDs","N|J","none","equal_weight_rrf_k60","none","not_applicable","not_applicable","planned_not_run","method_family; expand dataset views and controlled ablations separately"
"speech__n_j__laya_text","speech","FLEURS tr_tr test","tr; grouped sentence IDs","N|J","none","equal_weight_rrf_k60","laya_text","20|50|100","50","planned_not_run","method_family; expand dataset views and controlled ablations separately"
"speech__n_j__bge_reranker_text","speech","FLEURS tr_tr test","tr; grouped sentence IDs","N|J","none","equal_weight_rrf_k60","bge_reranker_text","20|50|100","50","planned_not_run","method_family; expand dataset views and controlled ablations separately"
"speech__n_j__gemma4_relevance","speech","FLEURS tr_tr test","tr; grouped sentence IDs","N|J","none","equal_weight_rrf_k60","gemma4_relevance","20|50|100","50","planned_not_run","method_family; expand dataset views and controlled ablations separately"
"speech__b_n_j__none","speech","FLEURS tr_tr test","tr; grouped sentence IDs","B|N|J","none","equal_weight_rrf_k60","none","not_applicable","not_applicable","planned_not_run","method_family; expand dataset views and controlled ablations separately"
"speech__b_n_j__laya_text","speech","FLEURS tr_tr test","tr; grouped sentence IDs","B|N|J","none","equal_weight_rrf_k60","laya_text","20|50|100","50","planned_not_run","method_family; expand dataset views and controlled ablations separately"
"speech__b_n_j__bge_reranker_text","speech","FLEURS tr_tr test","tr; grouped sentence IDs","B|N|J","none","equal_weight_rrf_k60","bge_reranker_text","20|50|100","50","planned_not_run","method_family; expand dataset views and controlled ablations separately"
"speech__b_n_j__gemma4_relevance","speech","FLEURS tr_tr test","tr; grouped sentence IDs","B|N|J","none","equal_weight_rrf_k60","gemma4_relevance","20|50|100","50","planned_not_run","method_family; expand dataset views and controlled ablations separately"
"speech__g_n_j__none","speech","FLEURS tr_tr test","tr; grouped sentence IDs","G|N|J","none","equal_weight_rrf_k60","none","not_applicable","not_applicable","planned_not_run","method_family; expand dataset views and controlled ablations separately"
"speech__g_n_j__laya_text","speech","FLEURS tr_tr test","tr; grouped sentence IDs","G|N|J","none","equal_weight_rrf_k60","laya_text","20|50|100","50","planned_not_run","method_family; expand dataset views and controlled ablations separately"
"speech__g_n_j__bge_reranker_text","speech","FLEURS tr_tr test","tr; grouped sentence IDs","G|N|J","none","equal_weight_rrf_k60","bge_reranker_text","20|50|100","50","planned_not_run","method_family; expand dataset views and controlled ablations separately"
"speech__g_n_j__gemma4_relevance","speech","FLEURS tr_tr test","tr; grouped sentence IDs","G|N|J","none","equal_weight_rrf_k60","gemma4_relevance","20|50|100","50","planned_not_run","method_family; expand dataset views and controlled ablations separately"
"speech__b_g_n_j__none","speech","FLEURS tr_tr test","tr; grouped sentence IDs","B|G|N|J","none","equal_weight_rrf_k60","none","not_applicable","not_applicable","planned_not_run","method_family; expand dataset views and controlled ablations separately"
"speech__b_g_n_j__laya_text","speech","FLEURS tr_tr test","tr; grouped sentence IDs","B|G|N|J","none","equal_weight_rrf_k60","laya_text","20|50|100","50","planned_not_run","method_family; expand dataset views and controlled ablations separately"
"speech__b_g_n_j__bge_reranker_text","speech","FLEURS tr_tr test","tr; grouped sentence IDs","B|G|N|J","none","equal_weight_rrf_k60","bge_reranker_text","20|50|100","50","planned_not_run","method_family; expand dataset views and controlled ablations separately"
"speech__b_g_n_j__gemma4_relevance","speech","FLEURS tr_tr test","tr; grouped sentence IDs","B|G|N|J","none","equal_weight_rrf_k60","gemma4_relevance","20|50|100","50","planned_not_run","method_family; expand dataset views and controlled ablations separately"
"speech__e_n_j__none","speech","FLEURS tr_tr test","tr; grouped sentence IDs","E|N|J","none","equal_weight_rrf_k60","none","not_applicable","not_applicable","planned_not_run","method_family; expand dataset views and controlled ablations separately"
"speech__e_n_j__laya_text","speech","FLEURS tr_tr test","tr; grouped sentence IDs","E|N|J","none","equal_weight_rrf_k60","laya_text","20|50|100","50","planned_not_run","method_family; expand dataset views and controlled ablations separately"
"speech__e_n_j__bge_reranker_text","speech","FLEURS tr_tr test","tr; grouped sentence IDs","E|N|J","none","equal_weight_rrf_k60","bge_reranker_text","20|50|100","50","planned_not_run","method_family; expand dataset views and controlled ablations separately"
"speech__e_n_j__gemma4_relevance","speech","FLEURS tr_tr test","tr; grouped sentence IDs","E|N|J","none","equal_weight_rrf_k60","gemma4_relevance","20|50|100","50","planned_not_run","method_family; expand dataset views and controlled ablations separately"
"speech__b_e_n_j__none","speech","FLEURS tr_tr test","tr; grouped sentence IDs","B|E|N|J","none","equal_weight_rrf_k60","none","not_applicable","not_applicable","planned_not_run","method_family; expand dataset views and controlled ablations separately"
"speech__b_e_n_j__laya_text","speech","FLEURS tr_tr test","tr; grouped sentence IDs","B|E|N|J","none","equal_weight_rrf_k60","laya_text","20|50|100","50","planned_not_run","method_family; expand dataset views and controlled ablations separately"
"speech__b_e_n_j__bge_reranker_text","speech","FLEURS tr_tr test","tr; grouped sentence IDs","B|E|N|J","none","equal_weight_rrf_k60","bge_reranker_text","20|50|100","50","planned_not_run","method_family; expand dataset views and controlled ablations separately"
"speech__b_e_n_j__gemma4_relevance","speech","FLEURS tr_tr test","tr; grouped sentence IDs","B|E|N|J","none","equal_weight_rrf_k60","gemma4_relevance","20|50|100","50","planned_not_run","method_family; expand dataset views and controlled ablations separately"
"speech__g_e_n_j__none","speech","FLEURS tr_tr test","tr; grouped sentence IDs","G|E|N|J","none","equal_weight_rrf_k60","none","not_applicable","not_applicable","planned_not_run","method_family; expand dataset views and controlled ablations separately"
"speech__g_e_n_j__laya_text","speech","FLEURS tr_tr test","tr; grouped sentence IDs","G|E|N|J","none","equal_weight_rrf_k60","laya_text","20|50|100","50","planned_not_run","method_family; expand dataset views and controlled ablations separately"
"speech__g_e_n_j__bge_reranker_text","speech","FLEURS tr_tr test","tr; grouped sentence IDs","G|E|N|J","none","equal_weight_rrf_k60","bge_reranker_text","20|50|100","50","planned_not_run","method_family; expand dataset views and controlled ablations separately"
"speech__g_e_n_j__gemma4_relevance","speech","FLEURS tr_tr test","tr; grouped sentence IDs","G|E|N|J","none","equal_weight_rrf_k60","gemma4_relevance","20|50|100","50","planned_not_run","method_family; expand dataset views and controlled ablations separately"
"speech__b_g_e_n_j__none","speech","FLEURS tr_tr test","tr; grouped sentence IDs","B|G|E|N|J","none","equal_weight_rrf_k60","none","not_applicable","not_applicable","planned_not_run","method_family; expand dataset views and controlled ablations separately"
"speech__b_g_e_n_j__laya_text","speech","FLEURS tr_tr test","tr; grouped sentence IDs","B|G|E|N|J","none","equal_weight_rrf_k60","laya_text","20|50|100","50","planned_not_run","method_family; expand dataset views and controlled ablations separately"
"speech__b_g_e_n_j__bge_reranker_text","speech","FLEURS tr_tr test","tr; grouped sentence IDs","B|G|E|N|J","none","equal_weight_rrf_k60","bge_reranker_text","20|50|100","50","planned_not_run","method_family; expand dataset views and controlled ablations separately"
"speech__b_g_e_n_j__gemma4_relevance","speech","FLEURS tr_tr test","tr; grouped sentence IDs","B|G|E|N|J","none","equal_weight_rrf_k60","gemma4_relevance","20|50|100","50","planned_not_run","method_family; expand dataset views and controlled ablations separately"
"video__b__none","video","MSR-VTT 1K-A","en; visual-only core","B","none","identity","none","not_applicable","not_applicable","planned_not_run","method_family; expand dataset views and controlled ablations separately"
"video__b__laya_text","video","MSR-VTT 1K-A","en; visual-only core","B","none","identity","laya_text","20|50|100","50","planned_not_run","method_family; expand dataset views and controlled ablations separately"
"video__b__bge_reranker_text","video","MSR-VTT 1K-A","en; visual-only core","B","none","identity","bge_reranker_text","20|50|100","50","planned_not_run","method_family; expand dataset views and controlled ablations separately"
"video__b__gemma4_relevance","video","MSR-VTT 1K-A","en; visual-only core","B","none","identity","gemma4_relevance","20|50|100","50","planned_not_run","method_family; expand dataset views and controlled ablations separately"
"video__g__none","video","MSR-VTT 1K-A","en; visual-only core","G","none","identity","none","not_applicable","not_applicable","planned_not_run","method_family; expand dataset views and controlled ablations separately"
"video__g__laya_text","video","MSR-VTT 1K-A","en; visual-only core","G","none","identity","laya_text","20|50|100","50","planned_not_run","method_family; expand dataset views and controlled ablations separately"
"video__g__bge_reranker_text","video","MSR-VTT 1K-A","en; visual-only core","G","none","identity","bge_reranker_text","20|50|100","50","planned_not_run","method_family; expand dataset views and controlled ablations separately"
"video__g__gemma4_relevance","video","MSR-VTT 1K-A","en; visual-only core","G","none","identity","gemma4_relevance","20|50|100","50","planned_not_run","method_family; expand dataset views and controlled ablations separately"
"video__b_g__none","video","MSR-VTT 1K-A","en; visual-only core","B|G","none","equal_weight_rrf_k60","none","not_applicable","not_applicable","planned_not_run","method_family; expand dataset views and controlled ablations separately"
"video__b_g__laya_text","video","MSR-VTT 1K-A","en; visual-only core","B|G","none","equal_weight_rrf_k60","laya_text","20|50|100","50","planned_not_run","method_family; expand dataset views and controlled ablations separately"
"video__b_g__bge_reranker_text","video","MSR-VTT 1K-A","en; visual-only core","B|G","none","equal_weight_rrf_k60","bge_reranker_text","20|50|100","50","planned_not_run","method_family; expand dataset views and controlled ablations separately"
"video__b_g__gemma4_relevance","video","MSR-VTT 1K-A","en; visual-only core","B|G","none","equal_weight_rrf_k60","gemma4_relevance","20|50|100","50","planned_not_run","method_family; expand dataset views and controlled ablations separately"
"video__e__none","video","MSR-VTT 1K-A","en; visual-only core","E","none","identity","none","not_applicable","not_applicable","planned_not_run","method_family; expand dataset views and controlled ablations separately"
"video__e__laya_text","video","MSR-VTT 1K-A","en; visual-only core","E","none","identity","laya_text","20|50|100","50","planned_not_run","method_family; expand dataset views and controlled ablations separately"
"video__e__bge_reranker_text","video","MSR-VTT 1K-A","en; visual-only core","E","none","identity","bge_reranker_text","20|50|100","50","planned_not_run","method_family; expand dataset views and controlled ablations separately"
"video__e__gemma4_relevance","video","MSR-VTT 1K-A","en; visual-only core","E","none","identity","gemma4_relevance","20|50|100","50","planned_not_run","method_family; expand dataset views and controlled ablations separately"
"video__b_e__none","video","MSR-VTT 1K-A","en; visual-only core","B|E","none","equal_weight_rrf_k60","none","not_applicable","not_applicable","planned_not_run","method_family; expand dataset views and controlled ablations separately"
"video__b_e__laya_text","video","MSR-VTT 1K-A","en; visual-only core","B|E","none","equal_weight_rrf_k60","laya_text","20|50|100","50","planned_not_run","method_family; expand dataset views and controlled ablations separately"
"video__b_e__bge_reranker_text","video","MSR-VTT 1K-A","en; visual-only core","B|E","none","equal_weight_rrf_k60","bge_reranker_text","20|50|100","50","planned_not_run","method_family; expand dataset views and controlled ablations separately"
"video__b_e__gemma4_relevance","video","MSR-VTT 1K-A","en; visual-only core","B|E","none","equal_weight_rrf_k60","gemma4_relevance","20|50|100","50","planned_not_run","method_family; expand dataset views and controlled ablations separately"
"video__g_e__none","video","MSR-VTT 1K-A","en; visual-only core","G|E","none","equal_weight_rrf_k60","none","not_applicable","not_applicable","planned_not_run","method_family; expand dataset views and controlled ablations separately"
"video__g_e__laya_text","video","MSR-VTT 1K-A","en; visual-only core","G|E","none","equal_weight_rrf_k60","laya_text","20|50|100","50","planned_not_run","method_family; expand dataset views and controlled ablations separately"
"video__g_e__bge_reranker_text","video","MSR-VTT 1K-A","en; visual-only core","G|E","none","equal_weight_rrf_k60","bge_reranker_text","20|50|100","50","planned_not_run","method_family; expand dataset views and controlled ablations separately"
"video__g_e__gemma4_relevance","video","MSR-VTT 1K-A","en; visual-only core","G|E","none","equal_weight_rrf_k60","gemma4_relevance","20|50|100","50","planned_not_run","method_family; expand dataset views and controlled ablations separately"
"video__b_g_e__none","video","MSR-VTT 1K-A","en; visual-only core","B|G|E","none","equal_weight_rrf_k60","none","not_applicable","not_applicable","planned_not_run","method_family; expand dataset views and controlled ablations separately"
"video__b_g_e__laya_text","video","MSR-VTT 1K-A","en; visual-only core","B|G|E","none","equal_weight_rrf_k60","laya_text","20|50|100","50","planned_not_run","method_family; expand dataset views and controlled ablations separately"
"video__b_g_e__bge_reranker_text","video","MSR-VTT 1K-A","en; visual-only core","B|G|E","none","equal_weight_rrf_k60","bge_reranker_text","20|50|100","50","planned_not_run","method_family; expand dataset views and controlled ablations separately"
"video__b_g_e__gemma4_relevance","video","MSR-VTT 1K-A","en; visual-only core","B|G|E","none","equal_weight_rrf_k60","gemma4_relevance","20|50|100","50","planned_not_run","method_family; expand dataset views and controlled ablations separately"
"video__n__none","video","MSR-VTT 1K-A","en; visual-only core","N","none","identity","none","not_applicable","not_applicable","planned_not_run","method_family; expand dataset views and controlled ablations separately"
"video__n__laya_text","video","MSR-VTT 1K-A","en; visual-only core","N","none","identity","laya_text","20|50|100","50","planned_not_run","method_family; expand dataset views and controlled ablations separately"
"video__n__bge_reranker_text","video","MSR-VTT 1K-A","en; visual-only core","N","none","identity","bge_reranker_text","20|50|100","50","planned_not_run","method_family; expand dataset views and controlled ablations separately"
"video__n__gemma4_relevance","video","MSR-VTT 1K-A","en; visual-only core","N","none","identity","gemma4_relevance","20|50|100","50","planned_not_run","method_family; expand dataset views and controlled ablations separately"
"video__b_n__none","video","MSR-VTT 1K-A","en; visual-only core","B|N","none","equal_weight_rrf_k60","none","not_applicable","not_applicable","planned_not_run","method_family; expand dataset views and controlled ablations separately"
"video__b_n__laya_text","video","MSR-VTT 1K-A","en; visual-only core","B|N","none","equal_weight_rrf_k60","laya_text","20|50|100","50","planned_not_run","method_family; expand dataset views and controlled ablations separately"
"video__b_n__bge_reranker_text","video","MSR-VTT 1K-A","en; visual-only core","B|N","none","equal_weight_rrf_k60","bge_reranker_text","20|50|100","50","planned_not_run","method_family; expand dataset views and controlled ablations separately"
"video__b_n__gemma4_relevance","video","MSR-VTT 1K-A","en; visual-only core","B|N","none","equal_weight_rrf_k60","gemma4_relevance","20|50|100","50","planned_not_run","method_family; expand dataset views and controlled ablations separately"
"video__g_n__none","video","MSR-VTT 1K-A","en; visual-only core","G|N","none","equal_weight_rrf_k60","none","not_applicable","not_applicable","planned_not_run","method_family; expand dataset views and controlled ablations separately"
"video__g_n__laya_text","video","MSR-VTT 1K-A","en; visual-only core","G|N","none","equal_weight_rrf_k60","laya_text","20|50|100","50","planned_not_run","method_family; expand dataset views and controlled ablations separately"
"video__g_n__bge_reranker_text","video","MSR-VTT 1K-A","en; visual-only core","G|N","none","equal_weight_rrf_k60","bge_reranker_text","20|50|100","50","planned_not_run","method_family; expand dataset views and controlled ablations separately"
"video__g_n__gemma4_relevance","video","MSR-VTT 1K-A","en; visual-only core","G|N","none","equal_weight_rrf_k60","gemma4_relevance","20|50|100","50","planned_not_run","method_family; expand dataset views and controlled ablations separately"
"video__b_g_n__none","video","MSR-VTT 1K-A","en; visual-only core","B|G|N","none","equal_weight_rrf_k60","none","not_applicable","not_applicable","planned_not_run","method_family; expand dataset views and controlled ablations separately"
"video__b_g_n__laya_text","video","MSR-VTT 1K-A","en; visual-only core","B|G|N","none","equal_weight_rrf_k60","laya_text","20|50|100","50","planned_not_run","method_family; expand dataset views and controlled ablations separately"
"video__b_g_n__bge_reranker_text","video","MSR-VTT 1K-A","en; visual-only core","B|G|N","none","equal_weight_rrf_k60","bge_reranker_text","20|50|100","50","planned_not_run","method_family; expand dataset views and controlled ablations separately"
"video__b_g_n__gemma4_relevance","video","MSR-VTT 1K-A","en; visual-only core","B|G|N","none","equal_weight_rrf_k60","gemma4_relevance","20|50|100","50","planned_not_run","method_family; expand dataset views and controlled ablations separately"
"video__e_n__none","video","MSR-VTT 1K-A","en; visual-only core","E|N","none","equal_weight_rrf_k60","none","not_applicable","not_applicable","planned_not_run","method_family; expand dataset views and controlled ablations separately"
"video__e_n__laya_text","video","MSR-VTT 1K-A","en; visual-only core","E|N","none","equal_weight_rrf_k60","laya_text","20|50|100","50","planned_not_run","method_family; expand dataset views and controlled ablations separately"
"video__e_n__bge_reranker_text","video","MSR-VTT 1K-A","en; visual-only core","E|N","none","equal_weight_rrf_k60","bge_reranker_text","20|50|100","50","planned_not_run","method_family; expand dataset views and controlled ablations separately"
"video__e_n__gemma4_relevance","video","MSR-VTT 1K-A","en; visual-only core","E|N","none","equal_weight_rrf_k60","gemma4_relevance","20|50|100","50","planned_not_run","method_family; expand dataset views and controlled ablations separately"
"video__b_e_n__none","video","MSR-VTT 1K-A","en; visual-only core","B|E|N","none","equal_weight_rrf_k60","none","not_applicable","not_applicable","planned_not_run","method_family; expand dataset views and controlled ablations separately"
"video__b_e_n__laya_text","video","MSR-VTT 1K-A","en; visual-only core","B|E|N","none","equal_weight_rrf_k60","laya_text","20|50|100","50","planned_not_run","method_family; expand dataset views and controlled ablations separately"
"video__b_e_n__bge_reranker_text","video","MSR-VTT 1K-A","en; visual-only core","B|E|N","none","equal_weight_rrf_k60","bge_reranker_text","20|50|100","50","planned_not_run","method_family; expand dataset views and controlled ablations separately"
"video__b_e_n__gemma4_relevance","video","MSR-VTT 1K-A","en; visual-only core","B|E|N","none","equal_weight_rrf_k60","gemma4_relevance","20|50|100","50","planned_not_run","method_family; expand dataset views and controlled ablations separately"
"video__g_e_n__none","video","MSR-VTT 1K-A","en; visual-only core","G|E|N","none","equal_weight_rrf_k60","none","not_applicable","not_applicable","planned_not_run","method_family; expand dataset views and controlled ablations separately"
"video__g_e_n__laya_text","video","MSR-VTT 1K-A","en; visual-only core","G|E|N","none","equal_weight_rrf_k60","laya_text","20|50|100","50","planned_not_run","method_family; expand dataset views and controlled ablations separately"
"video__g_e_n__bge_reranker_text","video","MSR-VTT 1K-A","en; visual-only core","G|E|N","none","equal_weight_rrf_k60","bge_reranker_text","20|50|100","50","planned_not_run","method_family; expand dataset views and controlled ablations separately"
"video__g_e_n__gemma4_relevance","video","MSR-VTT 1K-A","en; visual-only core","G|E|N","none","equal_weight_rrf_k60","gemma4_relevance","20|50|100","50","planned_not_run","method_family; expand dataset views and controlled ablations separately"
"video__b_g_e_n__none","video","MSR-VTT 1K-A","en; visual-only core","B|G|E|N","none","equal_weight_rrf_k60","none","not_applicable","not_applicable","planned_not_run","method_family; expand dataset views and controlled ablations separately"
"video__b_g_e_n__laya_text","video","MSR-VTT 1K-A","en; visual-only core","B|G|E|N","none","equal_weight_rrf_k60","laya_text","20|50|100","50","planned_not_run","method_family; expand dataset views and controlled ablations separately"
"video__b_g_e_n__bge_reranker_text","video","MSR-VTT 1K-A","en; visual-only core","B|G|E|N","none","equal_weight_rrf_k60","bge_reranker_text","20|50|100","50","planned_not_run","method_family; expand dataset views and controlled ablations separately"
"video__b_g_e_n__gemma4_relevance","video","MSR-VTT 1K-A","en; visual-only core","B|G|E|N","none","equal_weight_rrf_k60","gemma4_relevance","20|50|100","50","planned_not_run","method_family; expand dataset views and controlled ablations separately"
"video__s__none","video","MSR-VTT 1K-A","en; visual-only core","S","CLIP frame pooling","identity","none","not_applicable","not_applicable","planned_not_run","method_family; expand dataset views and controlled ablations separately"
"video__s__laya_text","video","MSR-VTT 1K-A","en; visual-only core","S","CLIP frame pooling","identity","laya_text","20|50|100","50","planned_not_run","method_family; expand dataset views and controlled ablations separately"
"video__s__bge_reranker_text","video","MSR-VTT 1K-A","en; visual-only core","S","CLIP frame pooling","identity","bge_reranker_text","20|50|100","50","planned_not_run","method_family; expand dataset views and controlled ablations separately"
"video__s__gemma4_relevance","video","MSR-VTT 1K-A","en; visual-only core","S","CLIP frame pooling","identity","gemma4_relevance","20|50|100","50","planned_not_run","method_family; expand dataset views and controlled ablations separately"
"video__b_s__none","video","MSR-VTT 1K-A","en; visual-only core","B|S","CLIP frame pooling","equal_weight_rrf_k60","none","not_applicable","not_applicable","planned_not_run","method_family; expand dataset views and controlled ablations separately"
"video__b_s__laya_text","video","MSR-VTT 1K-A","en; visual-only core","B|S","CLIP frame pooling","equal_weight_rrf_k60","laya_text","20|50|100","50","planned_not_run","method_family; expand dataset views and controlled ablations separately"
"video__b_s__bge_reranker_text","video","MSR-VTT 1K-A","en; visual-only core","B|S","CLIP frame pooling","equal_weight_rrf_k60","bge_reranker_text","20|50|100","50","planned_not_run","method_family; expand dataset views and controlled ablations separately"
"video__b_s__gemma4_relevance","video","MSR-VTT 1K-A","en; visual-only core","B|S","CLIP frame pooling","equal_weight_rrf_k60","gemma4_relevance","20|50|100","50","planned_not_run","method_family; expand dataset views and controlled ablations separately"
"video__g_s__none","video","MSR-VTT 1K-A","en; visual-only core","G|S","CLIP frame pooling","equal_weight_rrf_k60","none","not_applicable","not_applicable","planned_not_run","method_family; expand dataset views and controlled ablations separately"
"video__g_s__laya_text","video","MSR-VTT 1K-A","en; visual-only core","G|S","CLIP frame pooling","equal_weight_rrf_k60","laya_text","20|50|100","50","planned_not_run","method_family; expand dataset views and controlled ablations separately"
"video__g_s__bge_reranker_text","video","MSR-VTT 1K-A","en; visual-only core","G|S","CLIP frame pooling","equal_weight_rrf_k60","bge_reranker_text","20|50|100","50","planned_not_run","method_family; expand dataset views and controlled ablations separately"
"video__g_s__gemma4_relevance","video","MSR-VTT 1K-A","en; visual-only core","G|S","CLIP frame pooling","equal_weight_rrf_k60","gemma4_relevance","20|50|100","50","planned_not_run","method_family; expand dataset views and controlled ablations separately"
"video__b_g_s__none","video","MSR-VTT 1K-A","en; visual-only core","B|G|S","CLIP frame pooling","equal_weight_rrf_k60","none","not_applicable","not_applicable","planned_not_run","method_family; expand dataset views and controlled ablations separately"
"video__b_g_s__laya_text","video","MSR-VTT 1K-A","en; visual-only core","B|G|S","CLIP frame pooling","equal_weight_rrf_k60","laya_text","20|50|100","50","planned_not_run","method_family; expand dataset views and controlled ablations separately"
"video__b_g_s__bge_reranker_text","video","MSR-VTT 1K-A","en; visual-only core","B|G|S","CLIP frame pooling","equal_weight_rrf_k60","bge_reranker_text","20|50|100","50","planned_not_run","method_family; expand dataset views and controlled ablations separately"
"video__b_g_s__gemma4_relevance","video","MSR-VTT 1K-A","en; visual-only core","B|G|S","CLIP frame pooling","equal_weight_rrf_k60","gemma4_relevance","20|50|100","50","planned_not_run","method_family; expand dataset views and controlled ablations separately"
"video__e_s__none","video","MSR-VTT 1K-A","en; visual-only core","E|S","CLIP frame pooling","equal_weight_rrf_k60","none","not_applicable","not_applicable","planned_not_run","method_family; expand dataset views and controlled ablations separately"
"video__e_s__laya_text","video","MSR-VTT 1K-A","en; visual-only core","E|S","CLIP frame pooling","equal_weight_rrf_k60","laya_text","20|50|100","50","planned_not_run","method_family; expand dataset views and controlled ablations separately"
"video__e_s__bge_reranker_text","video","MSR-VTT 1K-A","en; visual-only core","E|S","CLIP frame pooling","equal_weight_rrf_k60","bge_reranker_text","20|50|100","50","planned_not_run","method_family; expand dataset views and controlled ablations separately"
"video__e_s__gemma4_relevance","video","MSR-VTT 1K-A","en; visual-only core","E|S","CLIP frame pooling","equal_weight_rrf_k60","gemma4_relevance","20|50|100","50","planned_not_run","method_family; expand dataset views and controlled ablations separately"
"video__b_e_s__none","video","MSR-VTT 1K-A","en; visual-only core","B|E|S","CLIP frame pooling","equal_weight_rrf_k60","none","not_applicable","not_applicable","planned_not_run","method_family; expand dataset views and controlled ablations separately"
"video__b_e_s__laya_text","video","MSR-VTT 1K-A","en; visual-only core","B|E|S","CLIP frame pooling","equal_weight_rrf_k60","laya_text","20|50|100","50","planned_not_run","method_family; expand dataset views and controlled ablations separately"
"video__b_e_s__bge_reranker_text","video","MSR-VTT 1K-A","en; visual-only core","B|E|S","CLIP frame pooling","equal_weight_rrf_k60","bge_reranker_text","20|50|100","50","planned_not_run","method_family; expand dataset views and controlled ablations separately"
"video__b_e_s__gemma4_relevance","video","MSR-VTT 1K-A","en; visual-only core","B|E|S","CLIP frame pooling","equal_weight_rrf_k60","gemma4_relevance","20|50|100","50","planned_not_run","method_family; expand dataset views and controlled ablations separately"
"video__g_e_s__none","video","MSR-VTT 1K-A","en; visual-only core","G|E|S","CLIP frame pooling","equal_weight_rrf_k60","none","not_applicable","not_applicable","planned_not_run","method_family; expand dataset views and controlled ablations separately"
"video__g_e_s__laya_text","video","MSR-VTT 1K-A","en; visual-only core","G|E|S","CLIP frame pooling","equal_weight_rrf_k60","laya_text","20|50|100","50","planned_not_run","method_family; expand dataset views and controlled ablations separately"
"video__g_e_s__bge_reranker_text","video","MSR-VTT 1K-A","en; visual-only core","G|E|S","CLIP frame pooling","equal_weight_rrf_k60","bge_reranker_text","20|50|100","50","planned_not_run","method_family; expand dataset views and controlled ablations separately"
"video__g_e_s__gemma4_relevance","video","MSR-VTT 1K-A","en; visual-only core","G|E|S","CLIP frame pooling","equal_weight_rrf_k60","gemma4_relevance","20|50|100","50","planned_not_run","method_family; expand dataset views and controlled ablations separately"
"video__b_g_e_s__none","video","MSR-VTT 1K-A","en; visual-only core","B|G|E|S","CLIP frame pooling","equal_weight_rrf_k60","none","not_applicable","not_applicable","planned_not_run","method_family; expand dataset views and controlled ablations separately"
"video__b_g_e_s__laya_text","video","MSR-VTT 1K-A","en; visual-only core","B|G|E|S","CLIP frame pooling","equal_weight_rrf_k60","laya_text","20|50|100","50","planned_not_run","method_family; expand dataset views and controlled ablations separately"
"video__b_g_e_s__bge_reranker_text","video","MSR-VTT 1K-A","en; visual-only core","B|G|E|S","CLIP frame pooling","equal_weight_rrf_k60","bge_reranker_text","20|50|100","50","planned_not_run","method_family; expand dataset views and controlled ablations separately"
"video__b_g_e_s__gemma4_relevance","video","MSR-VTT 1K-A","en; visual-only core","B|G|E|S","CLIP frame pooling","equal_weight_rrf_k60","gemma4_relevance","20|50|100","50","planned_not_run","method_family; expand dataset views and controlled ablations separately"
"video__n_s__none","video","MSR-VTT 1K-A","en; visual-only core","N|S","CLIP frame pooling","equal_weight_rrf_k60","none","not_applicable","not_applicable","planned_not_run","method_family; expand dataset views and controlled ablations separately"
"video__n_s__laya_text","video","MSR-VTT 1K-A","en; visual-only core","N|S","CLIP frame pooling","equal_weight_rrf_k60","laya_text","20|50|100","50","planned_not_run","method_family; expand dataset views and controlled ablations separately"
"video__n_s__bge_reranker_text","video","MSR-VTT 1K-A","en; visual-only core","N|S","CLIP frame pooling","equal_weight_rrf_k60","bge_reranker_text","20|50|100","50","planned_not_run","method_family; expand dataset views and controlled ablations separately"
"video__n_s__gemma4_relevance","video","MSR-VTT 1K-A","en; visual-only core","N|S","CLIP frame pooling","equal_weight_rrf_k60","gemma4_relevance","20|50|100","50","planned_not_run","method_family; expand dataset views and controlled ablations separately"
"video__b_n_s__none","video","MSR-VTT 1K-A","en; visual-only core","B|N|S","CLIP frame pooling","equal_weight_rrf_k60","none","not_applicable","not_applicable","planned_not_run","method_family; expand dataset views and controlled ablations separately"
"video__b_n_s__laya_text","video","MSR-VTT 1K-A","en; visual-only core","B|N|S","CLIP frame pooling","equal_weight_rrf_k60","laya_text","20|50|100","50","planned_not_run","method_family; expand dataset views and controlled ablations separately"
"video__b_n_s__bge_reranker_text","video","MSR-VTT 1K-A","en; visual-only core","B|N|S","CLIP frame pooling","equal_weight_rrf_k60","bge_reranker_text","20|50|100","50","planned_not_run","method_family; expand dataset views and controlled ablations separately"
"video__b_n_s__gemma4_relevance","video","MSR-VTT 1K-A","en; visual-only core","B|N|S","CLIP frame pooling","equal_weight_rrf_k60","gemma4_relevance","20|50|100","50","planned_not_run","method_family; expand dataset views and controlled ablations separately"
"video__g_n_s__none","video","MSR-VTT 1K-A","en; visual-only core","G|N|S","CLIP frame pooling","equal_weight_rrf_k60","none","not_applicable","not_applicable","planned_not_run","method_family; expand dataset views and controlled ablations separately"
"video__g_n_s__laya_text","video","MSR-VTT 1K-A","en; visual-only core","G|N|S","CLIP frame pooling","equal_weight_rrf_k60","laya_text","20|50|100","50","planned_not_run","method_family; expand dataset views and controlled ablations separately"
"video__g_n_s__bge_reranker_text","video","MSR-VTT 1K-A","en; visual-only core","G|N|S","CLIP frame pooling","equal_weight_rrf_k60","bge_reranker_text","20|50|100","50","planned_not_run","method_family; expand dataset views and controlled ablations separately"
"video__g_n_s__gemma4_relevance","video","MSR-VTT 1K-A","en; visual-only core","G|N|S","CLIP frame pooling","equal_weight_rrf_k60","gemma4_relevance","20|50|100","50","planned_not_run","method_family; expand dataset views and controlled ablations separately"
"video__b_g_n_s__none","video","MSR-VTT 1K-A","en; visual-only core","B|G|N|S","CLIP frame pooling","equal_weight_rrf_k60","none","not_applicable","not_applicable","planned_not_run","method_family; expand dataset views and controlled ablations separately"
"video__b_g_n_s__laya_text","video","MSR-VTT 1K-A","en; visual-only core","B|G|N|S","CLIP frame pooling","equal_weight_rrf_k60","laya_text","20|50|100","50","planned_not_run","method_family; expand dataset views and controlled ablations separately"
"video__b_g_n_s__bge_reranker_text","video","MSR-VTT 1K-A","en; visual-only core","B|G|N|S","CLIP frame pooling","equal_weight_rrf_k60","bge_reranker_text","20|50|100","50","planned_not_run","method_family; expand dataset views and controlled ablations separately"
"video__b_g_n_s__gemma4_relevance","video","MSR-VTT 1K-A","en; visual-only core","B|G|N|S","CLIP frame pooling","equal_weight_rrf_k60","gemma4_relevance","20|50|100","50","planned_not_run","method_family; expand dataset views and controlled ablations separately"
"video__e_n_s__none","video","MSR-VTT 1K-A","en; visual-only core","E|N|S","CLIP frame pooling","equal_weight_rrf_k60","none","not_applicable","not_applicable","planned_not_run","method_family; expand dataset views and controlled ablations separately"
"video__e_n_s__laya_text","video","MSR-VTT 1K-A","en; visual-only core","E|N|S","CLIP frame pooling","equal_weight_rrf_k60","laya_text","20|50|100","50","planned_not_run","method_family; expand dataset views and controlled ablations separately"
"video__e_n_s__bge_reranker_text","video","MSR-VTT 1K-A","en; visual-only core","E|N|S","CLIP frame pooling","equal_weight_rrf_k60","bge_reranker_text","20|50|100","50","planned_not_run","method_family; expand dataset views and controlled ablations separately"
"video__e_n_s__gemma4_relevance","video","MSR-VTT 1K-A","en; visual-only core","E|N|S","CLIP frame pooling","equal_weight_rrf_k60","gemma4_relevance","20|50|100","50","planned_not_run","method_family; expand dataset views and controlled ablations separately"
"video__b_e_n_s__none","video","MSR-VTT 1K-A","en; visual-only core","B|E|N|S","CLIP frame pooling","equal_weight_rrf_k60","none","not_applicable","not_applicable","planned_not_run","method_family; expand dataset views and controlled ablations separately"
"video__b_e_n_s__laya_text","video","MSR-VTT 1K-A","en; visual-only core","B|E|N|S","CLIP frame pooling","equal_weight_rrf_k60","laya_text","20|50|100","50","planned_not_run","method_family; expand dataset views and controlled ablations separately"
"video__b_e_n_s__bge_reranker_text","video","MSR-VTT 1K-A","en; visual-only core","B|E|N|S","CLIP frame pooling","equal_weight_rrf_k60","bge_reranker_text","20|50|100","50","planned_not_run","method_family; expand dataset views and controlled ablations separately"
"video__b_e_n_s__gemma4_relevance","video","MSR-VTT 1K-A","en; visual-only core","B|E|N|S","CLIP frame pooling","equal_weight_rrf_k60","gemma4_relevance","20|50|100","50","planned_not_run","method_family; expand dataset views and controlled ablations separately"
"video__g_e_n_s__none","video","MSR-VTT 1K-A","en; visual-only core","G|E|N|S","CLIP frame pooling","equal_weight_rrf_k60","none","not_applicable","not_applicable","planned_not_run","method_family; expand dataset views and controlled ablations separately"
"video__g_e_n_s__laya_text","video","MSR-VTT 1K-A","en; visual-only core","G|E|N|S","CLIP frame pooling","equal_weight_rrf_k60","laya_text","20|50|100","50","planned_not_run","method_family; expand dataset views and controlled ablations separately"
"video__g_e_n_s__bge_reranker_text","video","MSR-VTT 1K-A","en; visual-only core","G|E|N|S","CLIP frame pooling","equal_weight_rrf_k60","bge_reranker_text","20|50|100","50","planned_not_run","method_family; expand dataset views and controlled ablations separately"
"video__g_e_n_s__gemma4_relevance","video","MSR-VTT 1K-A","en; visual-only core","G|E|N|S","CLIP frame pooling","equal_weight_rrf_k60","gemma4_relevance","20|50|100","50","planned_not_run","method_family; expand dataset views and controlled ablations separately"
"video__b_g_e_n_s__none","video","MSR-VTT 1K-A","en; visual-only core","B|G|E|N|S","CLIP frame pooling","equal_weight_rrf_k60","none","not_applicable","not_applicable","planned_not_run","method_family; expand dataset views and controlled ablations separately"
"video__b_g_e_n_s__laya_text","video","MSR-VTT 1K-A","en; visual-only core","B|G|E|N|S","CLIP frame pooling","equal_weight_rrf_k60","laya_text","20|50|100","50","planned_not_run","method_family; expand dataset views and controlled ablations separately"
"video__b_g_e_n_s__bge_reranker_text","video","MSR-VTT 1K-A","en; visual-only core","B|G|E|N|S","CLIP frame pooling","equal_weight_rrf_k60","bge_reranker_text","20|50|100","50","planned_not_run","method_family; expand dataset views and controlled ablations separately"
"video__b_g_e_n_s__gemma4_relevance","video","MSR-VTT 1K-A","en; visual-only core","B|G|E|N|S","CLIP frame pooling","equal_weight_rrf_k60","gemma4_relevance","20|50|100","50","planned_not_run","method_family; expand dataset views and controlled ablations separately"
"video__j__none","video","MSR-VTT 1K-A","en; visual-only core","J","none","identity","none","not_applicable","not_applicable","planned_not_run","method_family; expand dataset views and controlled ablations separately"
"video__j__laya_text","video","MSR-VTT 1K-A","en; visual-only core","J","none","identity","laya_text","20|50|100","50","planned_not_run","method_family; expand dataset views and controlled ablations separately"
"video__j__bge_reranker_text","video","MSR-VTT 1K-A","en; visual-only core","J","none","identity","bge_reranker_text","20|50|100","50","planned_not_run","method_family; expand dataset views and controlled ablations separately"
"video__j__gemma4_relevance","video","MSR-VTT 1K-A","en; visual-only core","J","none","identity","gemma4_relevance","20|50|100","50","planned_not_run","method_family; expand dataset views and controlled ablations separately"
"video__b_j__none","video","MSR-VTT 1K-A","en; visual-only core","B|J","none","equal_weight_rrf_k60","none","not_applicable","not_applicable","planned_not_run","method_family; expand dataset views and controlled ablations separately"
"video__b_j__laya_text","video","MSR-VTT 1K-A","en; visual-only core","B|J","none","equal_weight_rrf_k60","laya_text","20|50|100","50","planned_not_run","method_family; expand dataset views and controlled ablations separately"
"video__b_j__bge_reranker_text","video","MSR-VTT 1K-A","en; visual-only core","B|J","none","equal_weight_rrf_k60","bge_reranker_text","20|50|100","50","planned_not_run","method_family; expand dataset views and controlled ablations separately"
"video__b_j__gemma4_relevance","video","MSR-VTT 1K-A","en; visual-only core","B|J","none","equal_weight_rrf_k60","gemma4_relevance","20|50|100","50","planned_not_run","method_family; expand dataset views and controlled ablations separately"
"video__g_j__none","video","MSR-VTT 1K-A","en; visual-only core","G|J","none","equal_weight_rrf_k60","none","not_applicable","not_applicable","planned_not_run","method_family; expand dataset views and controlled ablations separately"
"video__g_j__laya_text","video","MSR-VTT 1K-A","en; visual-only core","G|J","none","equal_weight_rrf_k60","laya_text","20|50|100","50","planned_not_run","method_family; expand dataset views and controlled ablations separately"
"video__g_j__bge_reranker_text","video","MSR-VTT 1K-A","en; visual-only core","G|J","none","equal_weight_rrf_k60","bge_reranker_text","20|50|100","50","planned_not_run","method_family; expand dataset views and controlled ablations separately"
"video__g_j__gemma4_relevance","video","MSR-VTT 1K-A","en; visual-only core","G|J","none","equal_weight_rrf_k60","gemma4_relevance","20|50|100","50","planned_not_run","method_family; expand dataset views and controlled ablations separately"
"video__b_g_j__none","video","MSR-VTT 1K-A","en; visual-only core","B|G|J","none","equal_weight_rrf_k60","none","not_applicable","not_applicable","planned_not_run","method_family; expand dataset views and controlled ablations separately"
"video__b_g_j__laya_text","video","MSR-VTT 1K-A","en; visual-only core","B|G|J","none","equal_weight_rrf_k60","laya_text","20|50|100","50","planned_not_run","method_family; expand dataset views and controlled ablations separately"
"video__b_g_j__bge_reranker_text","video","MSR-VTT 1K-A","en; visual-only core","B|G|J","none","equal_weight_rrf_k60","bge_reranker_text","20|50|100","50","planned_not_run","method_family; expand dataset views and controlled ablations separately"
"video__b_g_j__gemma4_relevance","video","MSR-VTT 1K-A","en; visual-only core","B|G|J","none","equal_weight_rrf_k60","gemma4_relevance","20|50|100","50","planned_not_run","method_family; expand dataset views and controlled ablations separately"
"video__e_j__none","video","MSR-VTT 1K-A","en; visual-only core","E|J","none","equal_weight_rrf_k60","none","not_applicable","not_applicable","planned_not_run","method_family; expand dataset views and controlled ablations separately"
"video__e_j__laya_text","video","MSR-VTT 1K-A","en; visual-only core","E|J","none","equal_weight_rrf_k60","laya_text","20|50|100","50","planned_not_run","method_family; expand dataset views and controlled ablations separately"
"video__e_j__bge_reranker_text","video","MSR-VTT 1K-A","en; visual-only core","E|J","none","equal_weight_rrf_k60","bge_reranker_text","20|50|100","50","planned_not_run","method_family; expand dataset views and controlled ablations separately"
"video__e_j__gemma4_relevance","video","MSR-VTT 1K-A","en; visual-only core","E|J","none","equal_weight_rrf_k60","gemma4_relevance","20|50|100","50","planned_not_run","method_family; expand dataset views and controlled ablations separately"
"video__b_e_j__none","video","MSR-VTT 1K-A","en; visual-only core","B|E|J","none","equal_weight_rrf_k60","none","not_applicable","not_applicable","planned_not_run","method_family; expand dataset views and controlled ablations separately"
"video__b_e_j__laya_text","video","MSR-VTT 1K-A","en; visual-only core","B|E|J","none","equal_weight_rrf_k60","laya_text","20|50|100","50","planned_not_run","method_family; expand dataset views and controlled ablations separately"
"video__b_e_j__bge_reranker_text","video","MSR-VTT 1K-A","en; visual-only core","B|E|J","none","equal_weight_rrf_k60","bge_reranker_text","20|50|100","50","planned_not_run","method_family; expand dataset views and controlled ablations separately"
"video__b_e_j__gemma4_relevance","video","MSR-VTT 1K-A","en; visual-only core","B|E|J","none","equal_weight_rrf_k60","gemma4_relevance","20|50|100","50","planned_not_run","method_family; expand dataset views and controlled ablations separately"
"video__g_e_j__none","video","MSR-VTT 1K-A","en; visual-only core","G|E|J","none","equal_weight_rrf_k60","none","not_applicable","not_applicable","planned_not_run","method_family; expand dataset views and controlled ablations separately"
"video__g_e_j__laya_text","video","MSR-VTT 1K-A","en; visual-only core","G|E|J","none","equal_weight_rrf_k60","laya_text","20|50|100","50","planned_not_run","method_family; expand dataset views and controlled ablations separately"
"video__g_e_j__bge_reranker_text","video","MSR-VTT 1K-A","en; visual-only core","G|E|J","none","equal_weight_rrf_k60","bge_reranker_text","20|50|100","50","planned_not_run","method_family; expand dataset views and controlled ablations separately"
"video__g_e_j__gemma4_relevance","video","MSR-VTT 1K-A","en; visual-only core","G|E|J","none","equal_weight_rrf_k60","gemma4_relevance","20|50|100","50","planned_not_run","method_family; expand dataset views and controlled ablations separately"
"video__b_g_e_j__none","video","MSR-VTT 1K-A","en; visual-only core","B|G|E|J","none","equal_weight_rrf_k60","none","not_applicable","not_applicable","planned_not_run","method_family; expand dataset views and controlled ablations separately"
"video__b_g_e_j__laya_text","video","MSR-VTT 1K-A","en; visual-only core","B|G|E|J","none","equal_weight_rrf_k60","laya_text","20|50|100","50","planned_not_run","method_family; expand dataset views and controlled ablations separately"
"video__b_g_e_j__bge_reranker_text","video","MSR-VTT 1K-A","en; visual-only core","B|G|E|J","none","equal_weight_rrf_k60","bge_reranker_text","20|50|100","50","planned_not_run","method_family; expand dataset views and controlled ablations separately"
"video__b_g_e_j__gemma4_relevance","video","MSR-VTT 1K-A","en; visual-only core","B|G|E|J","none","equal_weight_rrf_k60","gemma4_relevance","20|50|100","50","planned_not_run","method_family; expand dataset views and controlled ablations separately"
"video__n_j__none","video","MSR-VTT 1K-A","en; visual-only core","N|J","none","equal_weight_rrf_k60","none","not_applicable","not_applicable","planned_not_run","method_family; expand dataset views and controlled ablations separately"
"video__n_j__laya_text","video","MSR-VTT 1K-A","en; visual-only core","N|J","none","equal_weight_rrf_k60","laya_text","20|50|100","50","planned_not_run","method_family; expand dataset views and controlled ablations separately"
"video__n_j__bge_reranker_text","video","MSR-VTT 1K-A","en; visual-only core","N|J","none","equal_weight_rrf_k60","bge_reranker_text","20|50|100","50","planned_not_run","method_family; expand dataset views and controlled ablations separately"
"video__n_j__gemma4_relevance","video","MSR-VTT 1K-A","en; visual-only core","N|J","none","equal_weight_rrf_k60","gemma4_relevance","20|50|100","50","planned_not_run","method_family; expand dataset views and controlled ablations separately"
"video__b_n_j__none","video","MSR-VTT 1K-A","en; visual-only core","B|N|J","none","equal_weight_rrf_k60","none","not_applicable","not_applicable","planned_not_run","method_family; expand dataset views and controlled ablations separately"
"video__b_n_j__laya_text","video","MSR-VTT 1K-A","en; visual-only core","B|N|J","none","equal_weight_rrf_k60","laya_text","20|50|100","50","planned_not_run","method_family; expand dataset views and controlled ablations separately"
"video__b_n_j__bge_reranker_text","video","MSR-VTT 1K-A","en; visual-only core","B|N|J","none","equal_weight_rrf_k60","bge_reranker_text","20|50|100","50","planned_not_run","method_family; expand dataset views and controlled ablations separately"
"video__b_n_j__gemma4_relevance","video","MSR-VTT 1K-A","en; visual-only core","B|N|J","none","equal_weight_rrf_k60","gemma4_relevance","20|50|100","50","planned_not_run","method_family; expand dataset views and controlled ablations separately"
"video__g_n_j__none","video","MSR-VTT 1K-A","en; visual-only core","G|N|J","none","equal_weight_rrf_k60","none","not_applicable","not_applicable","planned_not_run","method_family; expand dataset views and controlled ablations separately"
"video__g_n_j__laya_text","video","MSR-VTT 1K-A","en; visual-only core","G|N|J","none","equal_weight_rrf_k60","laya_text","20|50|100","50","planned_not_run","method_family; expand dataset views and controlled ablations separately"
"video__g_n_j__bge_reranker_text","video","MSR-VTT 1K-A","en; visual-only core","G|N|J","none","equal_weight_rrf_k60","bge_reranker_text","20|50|100","50","planned_not_run","method_family; expand dataset views and controlled ablations separately"
"video__g_n_j__gemma4_relevance","video","MSR-VTT 1K-A","en; visual-only core","G|N|J","none","equal_weight_rrf_k60","gemma4_relevance","20|50|100","50","planned_not_run","method_family; expand dataset views and controlled ablations separately"
"video__b_g_n_j__none","video","MSR-VTT 1K-A","en; visual-only core","B|G|N|J","none","equal_weight_rrf_k60","none","not_applicable","not_applicable","planned_not_run","method_family; expand dataset views and controlled ablations separately"
"video__b_g_n_j__laya_text","video","MSR-VTT 1K-A","en; visual-only core","B|G|N|J","none","equal_weight_rrf_k60","laya_text","20|50|100","50","planned_not_run","method_family; expand dataset views and controlled ablations separately"
"video__b_g_n_j__bge_reranker_text","video","MSR-VTT 1K-A","en; visual-only core","B|G|N|J","none","equal_weight_rrf_k60","bge_reranker_text","20|50|100","50","planned_not_run","method_family; expand dataset views and controlled ablations separately"
"video__b_g_n_j__gemma4_relevance","video","MSR-VTT 1K-A","en; visual-only core","B|G|N|J","none","equal_weight_rrf_k60","gemma4_relevance","20|50|100","50","planned_not_run","method_family; expand dataset views and controlled ablations separately"
"video__e_n_j__none","video","MSR-VTT 1K-A","en; visual-only core","E|N|J","none","equal_weight_rrf_k60","none","not_applicable","not_applicable","planned_not_run","method_family; expand dataset views and controlled ablations separately"
"video__e_n_j__laya_text","video","MSR-VTT 1K-A","en; visual-only core","E|N|J","none","equal_weight_rrf_k60","laya_text","20|50|100","50","planned_not_run","method_family; expand dataset views and controlled ablations separately"
"video__e_n_j__bge_reranker_text","video","MSR-VTT 1K-A","en; visual-only core","E|N|J","none","equal_weight_rrf_k60","bge_reranker_text","20|50|100","50","planned_not_run","method_family; expand dataset views and controlled ablations separately"
"video__e_n_j__gemma4_relevance","video","MSR-VTT 1K-A","en; visual-only core","E|N|J","none","equal_weight_rrf_k60","gemma4_relevance","20|50|100","50","planned_not_run","method_family; expand dataset views and controlled ablations separately"
"video__b_e_n_j__none","video","MSR-VTT 1K-A","en; visual-only core","B|E|N|J","none","equal_weight_rrf_k60","none","not_applicable","not_applicable","planned_not_run","method_family; expand dataset views and controlled ablations separately"
"video__b_e_n_j__laya_text","video","MSR-VTT 1K-A","en; visual-only core","B|E|N|J","none","equal_weight_rrf_k60","laya_text","20|50|100","50","planned_not_run","method_family; expand dataset views and controlled ablations separately"
"video__b_e_n_j__bge_reranker_text","video","MSR-VTT 1K-A","en; visual-only core","B|E|N|J","none","equal_weight_rrf_k60","bge_reranker_text","20|50|100","50","planned_not_run","method_family; expand dataset views and controlled ablations separately"
"video__b_e_n_j__gemma4_relevance","video","MSR-VTT 1K-A","en; visual-only core","B|E|N|J","none","equal_weight_rrf_k60","gemma4_relevance","20|50|100","50","planned_not_run","method_family; expand dataset views and controlled ablations separately"
"video__g_e_n_j__none","video","MSR-VTT 1K-A","en; visual-only core","G|E|N|J","none","equal_weight_rrf_k60","none","not_applicable","not_applicable","planned_not_run","method_family; expand dataset views and controlled ablations separately"
"video__g_e_n_j__laya_text","video","MSR-VTT 1K-A","en; visual-only core","G|E|N|J","none","equal_weight_rrf_k60","laya_text","20|50|100","50","planned_not_run","method_family; expand dataset views and controlled ablations separately"
"video__g_e_n_j__bge_reranker_text","video","MSR-VTT 1K-A","en; visual-only core","G|E|N|J","none","equal_weight_rrf_k60","bge_reranker_text","20|50|100","50","planned_not_run","method_family; expand dataset views and controlled ablations separately"
"video__g_e_n_j__gemma4_relevance","video","MSR-VTT 1K-A","en; visual-only core","G|E|N|J","none","equal_weight_rrf_k60","gemma4_relevance","20|50|100","50","planned_not_run","method_family; expand dataset views and controlled ablations separately"
"video__b_g_e_n_j__none","video","MSR-VTT 1K-A","en; visual-only core","B|G|E|N|J","none","equal_weight_rrf_k60","none","not_applicable","not_applicable","planned_not_run","method_family; expand dataset views and controlled ablations separately"
"video__b_g_e_n_j__laya_text","video","MSR-VTT 1K-A","en; visual-only core","B|G|E|N|J","none","equal_weight_rrf_k60","laya_text","20|50|100","50","planned_not_run","method_family; expand dataset views and controlled ablations separately"
"video__b_g_e_n_j__bge_reranker_text","video","MSR-VTT 1K-A","en; visual-only core","B|G|E|N|J","none","equal_weight_rrf_k60","bge_reranker_text","20|50|100","50","planned_not_run","method_family; expand dataset views and controlled ablations separately"
"video__b_g_e_n_j__gemma4_relevance","video","MSR-VTT 1K-A","en; visual-only core","B|G|E|N|J","none","equal_weight_rrf_k60","gemma4_relevance","20|50|100","50","planned_not_run","method_family; expand dataset views and controlled ablations separately"
"video__s_j__none","video","MSR-VTT 1K-A","en; visual-only core","S|J","CLIP frame pooling","equal_weight_rrf_k60","none","not_applicable","not_applicable","planned_not_run","method_family; expand dataset views and controlled ablations separately"
"video__s_j__laya_text","video","MSR-VTT 1K-A","en; visual-only core","S|J","CLIP frame pooling","equal_weight_rrf_k60","laya_text","20|50|100","50","planned_not_run","method_family; expand dataset views and controlled ablations separately"
"video__s_j__bge_reranker_text","video","MSR-VTT 1K-A","en; visual-only core","S|J","CLIP frame pooling","equal_weight_rrf_k60","bge_reranker_text","20|50|100","50","planned_not_run","method_family; expand dataset views and controlled ablations separately"
"video__s_j__gemma4_relevance","video","MSR-VTT 1K-A","en; visual-only core","S|J","CLIP frame pooling","equal_weight_rrf_k60","gemma4_relevance","20|50|100","50","planned_not_run","method_family; expand dataset views and controlled ablations separately"
"video__b_s_j__none","video","MSR-VTT 1K-A","en; visual-only core","B|S|J","CLIP frame pooling","equal_weight_rrf_k60","none","not_applicable","not_applicable","planned_not_run","method_family; expand dataset views and controlled ablations separately"
"video__b_s_j__laya_text","video","MSR-VTT 1K-A","en; visual-only core","B|S|J","CLIP frame pooling","equal_weight_rrf_k60","laya_text","20|50|100","50","planned_not_run","method_family; expand dataset views and controlled ablations separately"
"video__b_s_j__bge_reranker_text","video","MSR-VTT 1K-A","en; visual-only core","B|S|J","CLIP frame pooling","equal_weight_rrf_k60","bge_reranker_text","20|50|100","50","planned_not_run","method_family; expand dataset views and controlled ablations separately"
"video__b_s_j__gemma4_relevance","video","MSR-VTT 1K-A","en; visual-only core","B|S|J","CLIP frame pooling","equal_weight_rrf_k60","gemma4_relevance","20|50|100","50","planned_not_run","method_family; expand dataset views and controlled ablations separately"
"video__g_s_j__none","video","MSR-VTT 1K-A","en; visual-only core","G|S|J","CLIP frame pooling","equal_weight_rrf_k60","none","not_applicable","not_applicable","planned_not_run","method_family; expand dataset views and controlled ablations separately"
"video__g_s_j__laya_text","video","MSR-VTT 1K-A","en; visual-only core","G|S|J","CLIP frame pooling","equal_weight_rrf_k60","laya_text","20|50|100","50","planned_not_run","method_family; expand dataset views and controlled ablations separately"
"video__g_s_j__bge_reranker_text","video","MSR-VTT 1K-A","en; visual-only core","G|S|J","CLIP frame pooling","equal_weight_rrf_k60","bge_reranker_text","20|50|100","50","planned_not_run","method_family; expand dataset views and controlled ablations separately"
"video__g_s_j__gemma4_relevance","video","MSR-VTT 1K-A","en; visual-only core","G|S|J","CLIP frame pooling","equal_weight_rrf_k60","gemma4_relevance","20|50|100","50","planned_not_run","method_family; expand dataset views and controlled ablations separately"
"video__b_g_s_j__none","video","MSR-VTT 1K-A","en; visual-only core","B|G|S|J","CLIP frame pooling","equal_weight_rrf_k60","none","not_applicable","not_applicable","planned_not_run","method_family; expand dataset views and controlled ablations separately"
"video__b_g_s_j__laya_text","video","MSR-VTT 1K-A","en; visual-only core","B|G|S|J","CLIP frame pooling","equal_weight_rrf_k60","laya_text","20|50|100","50","planned_not_run","method_family; expand dataset views and controlled ablations separately"
"video__b_g_s_j__bge_reranker_text","video","MSR-VTT 1K-A","en; visual-only core","B|G|S|J","CLIP frame pooling","equal_weight_rrf_k60","bge_reranker_text","20|50|100","50","planned_not_run","method_family; expand dataset views and controlled ablations separately"
"video__b_g_s_j__gemma4_relevance","video","MSR-VTT 1K-A","en; visual-only core","B|G|S|J","CLIP frame pooling","equal_weight_rrf_k60","gemma4_relevance","20|50|100","50","planned_not_run","method_family; expand dataset views and controlled ablations separately"
"video__e_s_j__none","video","MSR-VTT 1K-A","en; visual-only core","E|S|J","CLIP frame pooling","equal_weight_rrf_k60","none","not_applicable","not_applicable","planned_not_run","method_family; expand dataset views and controlled ablations separately"
"video__e_s_j__laya_text","video","MSR-VTT 1K-A","en; visual-only core","E|S|J","CLIP frame pooling","equal_weight_rrf_k60","laya_text","20|50|100","50","planned_not_run","method_family; expand dataset views and controlled ablations separately"
"video__e_s_j__bge_reranker_text","video","MSR-VTT 1K-A","en; visual-only core","E|S|J","CLIP frame pooling","equal_weight_rrf_k60","bge_reranker_text","20|50|100","50","planned_not_run","method_family; expand dataset views and controlled ablations separately"
"video__e_s_j__gemma4_relevance","video","MSR-VTT 1K-A","en; visual-only core","E|S|J","CLIP frame pooling","equal_weight_rrf_k60","gemma4_relevance","20|50|100","50","planned_not_run","method_family; expand dataset views and controlled ablations separately"
"video__b_e_s_j__none","video","MSR-VTT 1K-A","en; visual-only core","B|E|S|J","CLIP frame pooling","equal_weight_rrf_k60","none","not_applicable","not_applicable","planned_not_run","method_family; expand dataset views and controlled ablations separately"
"video__b_e_s_j__laya_text","video","MSR-VTT 1K-A","en; visual-only core","B|E|S|J","CLIP frame pooling","equal_weight_rrf_k60","laya_text","20|50|100","50","planned_not_run","method_family; expand dataset views and controlled ablations separately"
"video__b_e_s_j__bge_reranker_text","video","MSR-VTT 1K-A","en; visual-only core","B|E|S|J","CLIP frame pooling","equal_weight_rrf_k60","bge_reranker_text","20|50|100","50","planned_not_run","method_family; expand dataset views and controlled ablations separately"
"video__b_e_s_j__gemma4_relevance","video","MSR-VTT 1K-A","en; visual-only core","B|E|S|J","CLIP frame pooling","equal_weight_rrf_k60","gemma4_relevance","20|50|100","50","planned_not_run","method_family; expand dataset views and controlled ablations separately"
"video__g_e_s_j__none","video","MSR-VTT 1K-A","en; visual-only core","G|E|S|J","CLIP frame pooling","equal_weight_rrf_k60","none","not_applicable","not_applicable","planned_not_run","method_family; expand dataset views and controlled ablations separately"
"video__g_e_s_j__laya_text","video","MSR-VTT 1K-A","en; visual-only core","G|E|S|J","CLIP frame pooling","equal_weight_rrf_k60","laya_text","20|50|100","50","planned_not_run","method_family; expand dataset views and controlled ablations separately"
"video__g_e_s_j__bge_reranker_text","video","MSR-VTT 1K-A","en; visual-only core","G|E|S|J","CLIP frame pooling","equal_weight_rrf_k60","bge_reranker_text","20|50|100","50","planned_not_run","method_family; expand dataset views and controlled ablations separately"
"video__g_e_s_j__gemma4_relevance","video","MSR-VTT 1K-A","en; visual-only core","G|E|S|J","CLIP frame pooling","equal_weight_rrf_k60","gemma4_relevance","20|50|100","50","planned_not_run","method_family; expand dataset views and controlled ablations separately"
"video__b_g_e_s_j__none","video","MSR-VTT 1K-A","en; visual-only core","B|G|E|S|J","CLIP frame pooling","equal_weight_rrf_k60","none","not_applicable","not_applicable","planned_not_run","method_family; expand dataset views and controlled ablations separately"
"video__b_g_e_s_j__laya_text","video","MSR-VTT 1K-A","en; visual-only core","B|G|E|S|J","CLIP frame pooling","equal_weight_rrf_k60","laya_text","20|50|100","50","planned_not_run","method_family; expand dataset views and controlled ablations separately"
"video__b_g_e_s_j__bge_reranker_text","video","MSR-VTT 1K-A","en; visual-only core","B|G|E|S|J","CLIP frame pooling","equal_weight_rrf_k60","bge_reranker_text","20|50|100","50","planned_not_run","method_family; expand dataset views and controlled ablations separately"
"video__b_g_e_s_j__gemma4_relevance","video","MSR-VTT 1K-A","en; visual-only core","B|G|E|S|J","CLIP frame pooling","equal_weight_rrf_k60","gemma4_relevance","20|50|100","50","planned_not_run","method_family; expand dataset views and controlled ablations separately"
"video__n_s_j__none","video","MSR-VTT 1K-A","en; visual-only core","N|S|J","CLIP frame pooling","equal_weight_rrf_k60","none","not_applicable","not_applicable","planned_not_run","method_family; expand dataset views and controlled ablations separately"
"video__n_s_j__laya_text","video","MSR-VTT 1K-A","en; visual-only core","N|S|J","CLIP frame pooling","equal_weight_rrf_k60","laya_text","20|50|100","50","planned_not_run","method_family; expand dataset views and controlled ablations separately"
"video__n_s_j__bge_reranker_text","video","MSR-VTT 1K-A","en; visual-only core","N|S|J","CLIP frame pooling","equal_weight_rrf_k60","bge_reranker_text","20|50|100","50","planned_not_run","method_family; expand dataset views and controlled ablations separately"
"video__n_s_j__gemma4_relevance","video","MSR-VTT 1K-A","en; visual-only core","N|S|J","CLIP frame pooling","equal_weight_rrf_k60","gemma4_relevance","20|50|100","50","planned_not_run","method_family; expand dataset views and controlled ablations separately"
"video__b_n_s_j__none","video","MSR-VTT 1K-A","en; visual-only core","B|N|S|J","CLIP frame pooling","equal_weight_rrf_k60","none","not_applicable","not_applicable","planned_not_run","method_family; expand dataset views and controlled ablations separately"
"video__b_n_s_j__laya_text","video","MSR-VTT 1K-A","en; visual-only core","B|N|S|J","CLIP frame pooling","equal_weight_rrf_k60","laya_text","20|50|100","50","planned_not_run","method_family; expand dataset views and controlled ablations separately"
"video__b_n_s_j__bge_reranker_text","video","MSR-VTT 1K-A","en; visual-only core","B|N|S|J","CLIP frame pooling","equal_weight_rrf_k60","bge_reranker_text","20|50|100","50","planned_not_run","method_family; expand dataset views and controlled ablations separately"
"video__b_n_s_j__gemma4_relevance","video","MSR-VTT 1K-A","en; visual-only core","B|N|S|J","CLIP frame pooling","equal_weight_rrf_k60","gemma4_relevance","20|50|100","50","planned_not_run","method_family; expand dataset views and controlled ablations separately"
"video__g_n_s_j__none","video","MSR-VTT 1K-A","en; visual-only core","G|N|S|J","CLIP frame pooling","equal_weight_rrf_k60","none","not_applicable","not_applicable","planned_not_run","method_family; expand dataset views and controlled ablations separately"
"video__g_n_s_j__laya_text","video","MSR-VTT 1K-A","en; visual-only core","G|N|S|J","CLIP frame pooling","equal_weight_rrf_k60","laya_text","20|50|100","50","planned_not_run","method_family; expand dataset views and controlled ablations separately"
"video__g_n_s_j__bge_reranker_text","video","MSR-VTT 1K-A","en; visual-only core","G|N|S|J","CLIP frame pooling","equal_weight_rrf_k60","bge_reranker_text","20|50|100","50","planned_not_run","method_family; expand dataset views and controlled ablations separately"
"video__g_n_s_j__gemma4_relevance","video","MSR-VTT 1K-A","en; visual-only core","G|N|S|J","CLIP frame pooling","equal_weight_rrf_k60","gemma4_relevance","20|50|100","50","planned_not_run","method_family; expand dataset views and controlled ablations separately"
"video__b_g_n_s_j__none","video","MSR-VTT 1K-A","en; visual-only core","B|G|N|S|J","CLIP frame pooling","equal_weight_rrf_k60","none","not_applicable","not_applicable","planned_not_run","method_family; expand dataset views and controlled ablations separately"
"video__b_g_n_s_j__laya_text","video","MSR-VTT 1K-A","en; visual-only core","B|G|N|S|J","CLIP frame pooling","equal_weight_rrf_k60","laya_text","20|50|100","50","planned_not_run","method_family; expand dataset views and controlled ablations separately"
"video__b_g_n_s_j__bge_reranker_text","video","MSR-VTT 1K-A","en; visual-only core","B|G|N|S|J","CLIP frame pooling","equal_weight_rrf_k60","bge_reranker_text","20|50|100","50","planned_not_run","method_family; expand dataset views and controlled ablations separately"
"video__b_g_n_s_j__gemma4_relevance","video","MSR-VTT 1K-A","en; visual-only core","B|G|N|S|J","CLIP frame pooling","equal_weight_rrf_k60","gemma4_relevance","20|50|100","50","planned_not_run","method_family; expand dataset views and controlled ablations separately"
"video__e_n_s_j__none","video","MSR-VTT 1K-A","en; visual-only core","E|N|S|J","CLIP frame pooling","equal_weight_rrf_k60","none","not_applicable","not_applicable","planned_not_run","method_family; expand dataset views and controlled ablations separately"
"video__e_n_s_j__laya_text","video","MSR-VTT 1K-A","en; visual-only core","E|N|S|J","CLIP frame pooling","equal_weight_rrf_k60","laya_text","20|50|100","50","planned_not_run","method_family; expand dataset views and controlled ablations separately"
"video__e_n_s_j__bge_reranker_text","video","MSR-VTT 1K-A","en; visual-only core","E|N|S|J","CLIP frame pooling","equal_weight_rrf_k60","bge_reranker_text","20|50|100","50","planned_not_run","method_family; expand dataset views and controlled ablations separately"
"video__e_n_s_j__gemma4_relevance","video","MSR-VTT 1K-A","en; visual-only core","E|N|S|J","CLIP frame pooling","equal_weight_rrf_k60","gemma4_relevance","20|50|100","50","planned_not_run","method_family; expand dataset views and controlled ablations separately"
"video__b_e_n_s_j__none","video","MSR-VTT 1K-A","en; visual-only core","B|E|N|S|J","CLIP frame pooling","equal_weight_rrf_k60","none","not_applicable","not_applicable","planned_not_run","method_family; expand dataset views and controlled ablations separately"
"video__b_e_n_s_j__laya_text","video","MSR-VTT 1K-A","en; visual-only core","B|E|N|S|J","CLIP frame pooling","equal_weight_rrf_k60","laya_text","20|50|100","50","planned_not_run","method_family; expand dataset views and controlled ablations separately"
"video__b_e_n_s_j__bge_reranker_text","video","MSR-VTT 1K-A","en; visual-only core","B|E|N|S|J","CLIP frame pooling","equal_weight_rrf_k60","bge_reranker_text","20|50|100","50","planned_not_run","method_family; expand dataset views and controlled ablations separately"
"video__b_e_n_s_j__gemma4_relevance","video","MSR-VTT 1K-A","en; visual-only core","B|E|N|S|J","CLIP frame pooling","equal_weight_rrf_k60","gemma4_relevance","20|50|100","50","planned_not_run","method_family; expand dataset views and controlled ablations separately"
"video__g_e_n_s_j__none","video","MSR-VTT 1K-A","en; visual-only core","G|E|N|S|J","CLIP frame pooling","equal_weight_rrf_k60","none","not_applicable","not_applicable","planned_not_run","method_family; expand dataset views and controlled ablations separately"
"video__g_e_n_s_j__laya_text","video","MSR-VTT 1K-A","en; visual-only core","G|E|N|S|J","CLIP frame pooling","equal_weight_rrf_k60","laya_text","20|50|100","50","planned_not_run","method_family; expand dataset views and controlled ablations separately"
"video__g_e_n_s_j__bge_reranker_text","video","MSR-VTT 1K-A","en; visual-only core","G|E|N|S|J","CLIP frame pooling","equal_weight_rrf_k60","bge_reranker_text","20|50|100","50","planned_not_run","method_family; expand dataset views and controlled ablations separately"
"video__g_e_n_s_j__gemma4_relevance","video","MSR-VTT 1K-A","en; visual-only core","G|E|N|S|J","CLIP frame pooling","equal_weight_rrf_k60","gemma4_relevance","20|50|100","50","planned_not_run","method_family; expand dataset views and controlled ablations separately"
"video__b_g_e_n_s_j__none","video","MSR-VTT 1K-A","en; visual-only core","B|G|E|N|S|J","CLIP frame pooling","equal_weight_rrf_k60","none","not_applicable","not_applicable","planned_not_run","method_family; expand dataset views and controlled ablations separately"
"video__b_g_e_n_s_j__laya_text","video","MSR-VTT 1K-A","en; visual-only core","B|G|E|N|S|J","CLIP frame pooling","equal_weight_rrf_k60","laya_text","20|50|100","50","planned_not_run","method_family; expand dataset views and controlled ablations separately"
"video__b_g_e_n_s_j__bge_reranker_text","video","MSR-VTT 1K-A","en; visual-only core","B|G|E|N|S|J","CLIP frame pooling","equal_weight_rrf_k60","bge_reranker_text","20|50|100","50","planned_not_run","method_family; expand dataset views and controlled ablations separately"
"video__b_g_e_n_s_j__gemma4_relevance","video","MSR-VTT 1K-A","en; visual-only core","B|G|E|N|S|J","CLIP frame pooling","equal_weight_rrf_k60","gemma4_relevance","20|50|100","50","planned_not_run","method_family; expand dataset views and controlled ablations separately"
"code__b__none","code","Cleaned CodeSearchNet","python/javascript/java/go/php/ruby separately","B","none","identity","none","not_applicable","not_applicable","planned_not_run","method_family; expand dataset views and controlled ablations separately"
"code__b__laya_text","code","Cleaned CodeSearchNet","python/javascript/java/go/php/ruby separately","B","none","identity","laya_text","20|50|100","50","planned_not_run","method_family; expand dataset views and controlled ablations separately"
"code__b__bge_reranker_text","code","Cleaned CodeSearchNet","python/javascript/java/go/php/ruby separately","B","none","identity","bge_reranker_text","20|50|100","50","planned_not_run","method_family; expand dataset views and controlled ablations separately"
"code__b__gemma4_relevance","code","Cleaned CodeSearchNet","python/javascript/java/go/php/ruby separately","B","none","identity","gemma4_relevance","20|50|100","50","planned_not_run","method_family; expand dataset views and controlled ablations separately"
"code__g__none","code","Cleaned CodeSearchNet","python/javascript/java/go/php/ruby separately","G","none","identity","none","not_applicable","not_applicable","planned_not_run","method_family; expand dataset views and controlled ablations separately"
"code__g__laya_text","code","Cleaned CodeSearchNet","python/javascript/java/go/php/ruby separately","G","none","identity","laya_text","20|50|100","50","planned_not_run","method_family; expand dataset views and controlled ablations separately"
"code__g__bge_reranker_text","code","Cleaned CodeSearchNet","python/javascript/java/go/php/ruby separately","G","none","identity","bge_reranker_text","20|50|100","50","planned_not_run","method_family; expand dataset views and controlled ablations separately"
"code__g__gemma4_relevance","code","Cleaned CodeSearchNet","python/javascript/java/go/php/ruby separately","G","none","identity","gemma4_relevance","20|50|100","50","planned_not_run","method_family; expand dataset views and controlled ablations separately"
"code__b_g__none","code","Cleaned CodeSearchNet","python/javascript/java/go/php/ruby separately","B|G","none","equal_weight_rrf_k60","none","not_applicable","not_applicable","planned_not_run","method_family; expand dataset views and controlled ablations separately"
"code__b_g__laya_text","code","Cleaned CodeSearchNet","python/javascript/java/go/php/ruby separately","B|G","none","equal_weight_rrf_k60","laya_text","20|50|100","50","planned_not_run","method_family; expand dataset views and controlled ablations separately"
"code__b_g__bge_reranker_text","code","Cleaned CodeSearchNet","python/javascript/java/go/php/ruby separately","B|G","none","equal_weight_rrf_k60","bge_reranker_text","20|50|100","50","planned_not_run","method_family; expand dataset views and controlled ablations separately"
"code__b_g__gemma4_relevance","code","Cleaned CodeSearchNet","python/javascript/java/go/php/ruby separately","B|G","none","equal_weight_rrf_k60","gemma4_relevance","20|50|100","50","planned_not_run","method_family; expand dataset views and controlled ablations separately"
"code__e__none","code","Cleaned CodeSearchNet","python/javascript/java/go/php/ruby separately","E","none","identity","none","not_applicable","not_applicable","planned_not_run","method_family; expand dataset views and controlled ablations separately"
"code__e__laya_text","code","Cleaned CodeSearchNet","python/javascript/java/go/php/ruby separately","E","none","identity","laya_text","20|50|100","50","planned_not_run","method_family; expand dataset views and controlled ablations separately"
"code__e__bge_reranker_text","code","Cleaned CodeSearchNet","python/javascript/java/go/php/ruby separately","E","none","identity","bge_reranker_text","20|50|100","50","planned_not_run","method_family; expand dataset views and controlled ablations separately"
"code__e__gemma4_relevance","code","Cleaned CodeSearchNet","python/javascript/java/go/php/ruby separately","E","none","identity","gemma4_relevance","20|50|100","50","planned_not_run","method_family; expand dataset views and controlled ablations separately"
"code__b_e__none","code","Cleaned CodeSearchNet","python/javascript/java/go/php/ruby separately","B|E","none","equal_weight_rrf_k60","none","not_applicable","not_applicable","planned_not_run","method_family; expand dataset views and controlled ablations separately"
"code__b_e__laya_text","code","Cleaned CodeSearchNet","python/javascript/java/go/php/ruby separately","B|E","none","equal_weight_rrf_k60","laya_text","20|50|100","50","planned_not_run","method_family; expand dataset views and controlled ablations separately"
"code__b_e__bge_reranker_text","code","Cleaned CodeSearchNet","python/javascript/java/go/php/ruby separately","B|E","none","equal_weight_rrf_k60","bge_reranker_text","20|50|100","50","planned_not_run","method_family; expand dataset views and controlled ablations separately"
"code__b_e__gemma4_relevance","code","Cleaned CodeSearchNet","python/javascript/java/go/php/ruby separately","B|E","none","equal_weight_rrf_k60","gemma4_relevance","20|50|100","50","planned_not_run","method_family; expand dataset views and controlled ablations separately"
"code__g_e__none","code","Cleaned CodeSearchNet","python/javascript/java/go/php/ruby separately","G|E","none","equal_weight_rrf_k60","none","not_applicable","not_applicable","planned_not_run","method_family; expand dataset views and controlled ablations separately"
"code__g_e__laya_text","code","Cleaned CodeSearchNet","python/javascript/java/go/php/ruby separately","G|E","none","equal_weight_rrf_k60","laya_text","20|50|100","50","planned_not_run","method_family; expand dataset views and controlled ablations separately"
"code__g_e__bge_reranker_text","code","Cleaned CodeSearchNet","python/javascript/java/go/php/ruby separately","G|E","none","equal_weight_rrf_k60","bge_reranker_text","20|50|100","50","planned_not_run","method_family; expand dataset views and controlled ablations separately"
"code__g_e__gemma4_relevance","code","Cleaned CodeSearchNet","python/javascript/java/go/php/ruby separately","G|E","none","equal_weight_rrf_k60","gemma4_relevance","20|50|100","50","planned_not_run","method_family; expand dataset views and controlled ablations separately"
"code__b_g_e__none","code","Cleaned CodeSearchNet","python/javascript/java/go/php/ruby separately","B|G|E","none","equal_weight_rrf_k60","none","not_applicable","not_applicable","planned_not_run","method_family; expand dataset views and controlled ablations separately"
"code__b_g_e__laya_text","code","Cleaned CodeSearchNet","python/javascript/java/go/php/ruby separately","B|G|E","none","equal_weight_rrf_k60","laya_text","20|50|100","50","planned_not_run","method_family; expand dataset views and controlled ablations separately"
"code__b_g_e__bge_reranker_text","code","Cleaned CodeSearchNet","python/javascript/java/go/php/ruby separately","B|G|E","none","equal_weight_rrf_k60","bge_reranker_text","20|50|100","50","planned_not_run","method_family; expand dataset views and controlled ablations separately"
"code__b_g_e__gemma4_relevance","code","Cleaned CodeSearchNet","python/javascript/java/go/php/ruby separately","B|G|E","none","equal_weight_rrf_k60","gemma4_relevance","20|50|100","50","planned_not_run","method_family; expand dataset views and controlled ablations separately"
"composed_image__b__none","composed_image","CIRR public validation","en; fixed evaluation protocol","B","none","identity","none","not_applicable","not_applicable","planned_not_run","method_family; expand dataset views and controlled ablations separately"
"composed_image__b__laya_text","composed_image","CIRR public validation","en; fixed evaluation protocol","B","none","identity","laya_text","20|50|100","50","planned_not_run","method_family; expand dataset views and controlled ablations separately"
"composed_image__b__bge_reranker_text","composed_image","CIRR public validation","en; fixed evaluation protocol","B","none","identity","bge_reranker_text","20|50|100","50","planned_not_run","method_family; expand dataset views and controlled ablations separately"
"composed_image__b__gemma4_relevance","composed_image","CIRR public validation","en; fixed evaluation protocol","B","none","identity","gemma4_relevance","20|50|100","50","planned_not_run","method_family; expand dataset views and controlled ablations separately"
"composed_image__g__none","composed_image","CIRR public validation","en; fixed evaluation protocol","G","none","identity","none","not_applicable","not_applicable","planned_not_run","method_family; expand dataset views and controlled ablations separately"
"composed_image__g__laya_text","composed_image","CIRR public validation","en; fixed evaluation protocol","G","none","identity","laya_text","20|50|100","50","planned_not_run","method_family; expand dataset views and controlled ablations separately"
"composed_image__g__bge_reranker_text","composed_image","CIRR public validation","en; fixed evaluation protocol","G","none","identity","bge_reranker_text","20|50|100","50","planned_not_run","method_family; expand dataset views and controlled ablations separately"
"composed_image__g__gemma4_relevance","composed_image","CIRR public validation","en; fixed evaluation protocol","G","none","identity","gemma4_relevance","20|50|100","50","planned_not_run","method_family; expand dataset views and controlled ablations separately"
"composed_image__b_g__none","composed_image","CIRR public validation","en; fixed evaluation protocol","B|G","none","equal_weight_rrf_k60","none","not_applicable","not_applicable","planned_not_run","method_family; expand dataset views and controlled ablations separately"
"composed_image__b_g__laya_text","composed_image","CIRR public validation","en; fixed evaluation protocol","B|G","none","equal_weight_rrf_k60","laya_text","20|50|100","50","planned_not_run","method_family; expand dataset views and controlled ablations separately"
"composed_image__b_g__bge_reranker_text","composed_image","CIRR public validation","en; fixed evaluation protocol","B|G","none","equal_weight_rrf_k60","bge_reranker_text","20|50|100","50","planned_not_run","method_family; expand dataset views and controlled ablations separately"
"composed_image__b_g__gemma4_relevance","composed_image","CIRR public validation","en; fixed evaluation protocol","B|G","none","equal_weight_rrf_k60","gemma4_relevance","20|50|100","50","planned_not_run","method_family; expand dataset views and controlled ablations separately"
"composed_image__e__none","composed_image","CIRR public validation","en; fixed evaluation protocol","E","none","identity","none","not_applicable","not_applicable","planned_not_run","method_family; expand dataset views and controlled ablations separately"
"composed_image__e__laya_text","composed_image","CIRR public validation","en; fixed evaluation protocol","E","none","identity","laya_text","20|50|100","50","planned_not_run","method_family; expand dataset views and controlled ablations separately"
"composed_image__e__bge_reranker_text","composed_image","CIRR public validation","en; fixed evaluation protocol","E","none","identity","bge_reranker_text","20|50|100","50","planned_not_run","method_family; expand dataset views and controlled ablations separately"
"composed_image__e__gemma4_relevance","composed_image","CIRR public validation","en; fixed evaluation protocol","E","none","identity","gemma4_relevance","20|50|100","50","planned_not_run","method_family; expand dataset views and controlled ablations separately"
"composed_image__b_e__none","composed_image","CIRR public validation","en; fixed evaluation protocol","B|E","none","equal_weight_rrf_k60","none","not_applicable","not_applicable","planned_not_run","method_family; expand dataset views and controlled ablations separately"
"composed_image__b_e__laya_text","composed_image","CIRR public validation","en; fixed evaluation protocol","B|E","none","equal_weight_rrf_k60","laya_text","20|50|100","50","planned_not_run","method_family; expand dataset views and controlled ablations separately"
"composed_image__b_e__bge_reranker_text","composed_image","CIRR public validation","en; fixed evaluation protocol","B|E","none","equal_weight_rrf_k60","bge_reranker_text","20|50|100","50","planned_not_run","method_family; expand dataset views and controlled ablations separately"
"composed_image__b_e__gemma4_relevance","composed_image","CIRR public validation","en; fixed evaluation protocol","B|E","none","equal_weight_rrf_k60","gemma4_relevance","20|50|100","50","planned_not_run","method_family; expand dataset views and controlled ablations separately"
"composed_image__g_e__none","composed_image","CIRR public validation","en; fixed evaluation protocol","G|E","none","equal_weight_rrf_k60","none","not_applicable","not_applicable","planned_not_run","method_family; expand dataset views and controlled ablations separately"
"composed_image__g_e__laya_text","composed_image","CIRR public validation","en; fixed evaluation protocol","G|E","none","equal_weight_rrf_k60","laya_text","20|50|100","50","planned_not_run","method_family; expand dataset views and controlled ablations separately"
"composed_image__g_e__bge_reranker_text","composed_image","CIRR public validation","en; fixed evaluation protocol","G|E","none","equal_weight_rrf_k60","bge_reranker_text","20|50|100","50","planned_not_run","method_family; expand dataset views and controlled ablations separately"
"composed_image__g_e__gemma4_relevance","composed_image","CIRR public validation","en; fixed evaluation protocol","G|E","none","equal_weight_rrf_k60","gemma4_relevance","20|50|100","50","planned_not_run","method_family; expand dataset views and controlled ablations separately"
"composed_image__b_g_e__none","composed_image","CIRR public validation","en; fixed evaluation protocol","B|G|E","none","equal_weight_rrf_k60","none","not_applicable","not_applicable","planned_not_run","method_family; expand dataset views and controlled ablations separately"
"composed_image__b_g_e__laya_text","composed_image","CIRR public validation","en; fixed evaluation protocol","B|G|E","none","equal_weight_rrf_k60","laya_text","20|50|100","50","planned_not_run","method_family; expand dataset views and controlled ablations separately"
"composed_image__b_g_e__bge_reranker_text","composed_image","CIRR public validation","en; fixed evaluation protocol","B|G|E","none","equal_weight_rrf_k60","bge_reranker_text","20|50|100","50","planned_not_run","method_family; expand dataset views and controlled ablations separately"
"composed_image__b_g_e__gemma4_relevance","composed_image","CIRR public validation","en; fixed evaluation protocol","B|G|E","none","equal_weight_rrf_k60","gemma4_relevance","20|50|100","50","planned_not_run","method_family; expand dataset views and controlled ablations separately"
"composed_image__n__none","composed_image","CIRR public validation","en; fixed evaluation protocol","N","none","identity","none","not_applicable","not_applicable","planned_not_run","method_family; expand dataset views and controlled ablations separately"
"composed_image__n__laya_text","composed_image","CIRR public validation","en; fixed evaluation protocol","N","none","identity","laya_text","20|50|100","50","planned_not_run","method_family; expand dataset views and controlled ablations separately"
"composed_image__n__bge_reranker_text","composed_image","CIRR public validation","en; fixed evaluation protocol","N","none","identity","bge_reranker_text","20|50|100","50","planned_not_run","method_family; expand dataset views and controlled ablations separately"
"composed_image__n__gemma4_relevance","composed_image","CIRR public validation","en; fixed evaluation protocol","N","none","identity","gemma4_relevance","20|50|100","50","planned_not_run","method_family; expand dataset views and controlled ablations separately"
"composed_image__b_n__none","composed_image","CIRR public validation","en; fixed evaluation protocol","B|N","none","equal_weight_rrf_k60","none","not_applicable","not_applicable","planned_not_run","method_family; expand dataset views and controlled ablations separately"
"composed_image__b_n__laya_text","composed_image","CIRR public validation","en; fixed evaluation protocol","B|N","none","equal_weight_rrf_k60","laya_text","20|50|100","50","planned_not_run","method_family; expand dataset views and controlled ablations separately"
"composed_image__b_n__bge_reranker_text","composed_image","CIRR public validation","en; fixed evaluation protocol","B|N","none","equal_weight_rrf_k60","bge_reranker_text","20|50|100","50","planned_not_run","method_family; expand dataset views and controlled ablations separately"
"composed_image__b_n__gemma4_relevance","composed_image","CIRR public validation","en; fixed evaluation protocol","B|N","none","equal_weight_rrf_k60","gemma4_relevance","20|50|100","50","planned_not_run","method_family; expand dataset views and controlled ablations separately"
"composed_image__g_n__none","composed_image","CIRR public validation","en; fixed evaluation protocol","G|N","none","equal_weight_rrf_k60","none","not_applicable","not_applicable","planned_not_run","method_family; expand dataset views and controlled ablations separately"
"composed_image__g_n__laya_text","composed_image","CIRR public validation","en; fixed evaluation protocol","G|N","none","equal_weight_rrf_k60","laya_text","20|50|100","50","planned_not_run","method_family; expand dataset views and controlled ablations separately"
"composed_image__g_n__bge_reranker_text","composed_image","CIRR public validation","en; fixed evaluation protocol","G|N","none","equal_weight_rrf_k60","bge_reranker_text","20|50|100","50","planned_not_run","method_family; expand dataset views and controlled ablations separately"
"composed_image__g_n__gemma4_relevance","composed_image","CIRR public validation","en; fixed evaluation protocol","G|N","none","equal_weight_rrf_k60","gemma4_relevance","20|50|100","50","planned_not_run","method_family; expand dataset views and controlled ablations separately"
"composed_image__b_g_n__none","composed_image","CIRR public validation","en; fixed evaluation protocol","B|G|N","none","equal_weight_rrf_k60","none","not_applicable","not_applicable","planned_not_run","method_family; expand dataset views and controlled ablations separately"
"composed_image__b_g_n__laya_text","composed_image","CIRR public validation","en; fixed evaluation protocol","B|G|N","none","equal_weight_rrf_k60","laya_text","20|50|100","50","planned_not_run","method_family; expand dataset views and controlled ablations separately"
"composed_image__b_g_n__bge_reranker_text","composed_image","CIRR public validation","en; fixed evaluation protocol","B|G|N","none","equal_weight_rrf_k60","bge_reranker_text","20|50|100","50","planned_not_run","method_family; expand dataset views and controlled ablations separately"
"composed_image__b_g_n__gemma4_relevance","composed_image","CIRR public validation","en; fixed evaluation protocol","B|G|N","none","equal_weight_rrf_k60","gemma4_relevance","20|50|100","50","planned_not_run","method_family; expand dataset views and controlled ablations separately"
"composed_image__e_n__none","composed_image","CIRR public validation","en; fixed evaluation protocol","E|N","none","equal_weight_rrf_k60","none","not_applicable","not_applicable","planned_not_run","method_family; expand dataset views and controlled ablations separately"
"composed_image__e_n__laya_text","composed_image","CIRR public validation","en; fixed evaluation protocol","E|N","none","equal_weight_rrf_k60","laya_text","20|50|100","50","planned_not_run","method_family; expand dataset views and controlled ablations separately"
"composed_image__e_n__bge_reranker_text","composed_image","CIRR public validation","en; fixed evaluation protocol","E|N","none","equal_weight_rrf_k60","bge_reranker_text","20|50|100","50","planned_not_run","method_family; expand dataset views and controlled ablations separately"
"composed_image__e_n__gemma4_relevance","composed_image","CIRR public validation","en; fixed evaluation protocol","E|N","none","equal_weight_rrf_k60","gemma4_relevance","20|50|100","50","planned_not_run","method_family; expand dataset views and controlled ablations separately"
"composed_image__b_e_n__none","composed_image","CIRR public validation","en; fixed evaluation protocol","B|E|N","none","equal_weight_rrf_k60","none","not_applicable","not_applicable","planned_not_run","method_family; expand dataset views and controlled ablations separately"
"composed_image__b_e_n__laya_text","composed_image","CIRR public validation","en; fixed evaluation protocol","B|E|N","none","equal_weight_rrf_k60","laya_text","20|50|100","50","planned_not_run","method_family; expand dataset views and controlled ablations separately"
"composed_image__b_e_n__bge_reranker_text","composed_image","CIRR public validation","en; fixed evaluation protocol","B|E|N","none","equal_weight_rrf_k60","bge_reranker_text","20|50|100","50","planned_not_run","method_family; expand dataset views and controlled ablations separately"
"composed_image__b_e_n__gemma4_relevance","composed_image","CIRR public validation","en; fixed evaluation protocol","B|E|N","none","equal_weight_rrf_k60","gemma4_relevance","20|50|100","50","planned_not_run","method_family; expand dataset views and controlled ablations separately"
"composed_image__g_e_n__none","composed_image","CIRR public validation","en; fixed evaluation protocol","G|E|N","none","equal_weight_rrf_k60","none","not_applicable","not_applicable","planned_not_run","method_family; expand dataset views and controlled ablations separately"
"composed_image__g_e_n__laya_text","composed_image","CIRR public validation","en; fixed evaluation protocol","G|E|N","none","equal_weight_rrf_k60","laya_text","20|50|100","50","planned_not_run","method_family; expand dataset views and controlled ablations separately"
"composed_image__g_e_n__bge_reranker_text","composed_image","CIRR public validation","en; fixed evaluation protocol","G|E|N","none","equal_weight_rrf_k60","bge_reranker_text","20|50|100","50","planned_not_run","method_family; expand dataset views and controlled ablations separately"
"composed_image__g_e_n__gemma4_relevance","composed_image","CIRR public validation","en; fixed evaluation protocol","G|E|N","none","equal_weight_rrf_k60","gemma4_relevance","20|50|100","50","planned_not_run","method_family; expand dataset views and controlled ablations separately"
"composed_image__b_g_e_n__none","composed_image","CIRR public validation","en; fixed evaluation protocol","B|G|E|N","none","equal_weight_rrf_k60","none","not_applicable","not_applicable","planned_not_run","method_family; expand dataset views and controlled ablations separately"
"composed_image__b_g_e_n__laya_text","composed_image","CIRR public validation","en; fixed evaluation protocol","B|G|E|N","none","equal_weight_rrf_k60","laya_text","20|50|100","50","planned_not_run","method_family; expand dataset views and controlled ablations separately"
"composed_image__b_g_e_n__bge_reranker_text","composed_image","CIRR public validation","en; fixed evaluation protocol","B|G|E|N","none","equal_weight_rrf_k60","bge_reranker_text","20|50|100","50","planned_not_run","method_family; expand dataset views and controlled ablations separately"
"composed_image__b_g_e_n__gemma4_relevance","composed_image","CIRR public validation","en; fixed evaluation protocol","B|G|E|N","none","equal_weight_rrf_k60","gemma4_relevance","20|50|100","50","planned_not_run","method_family; expand dataset views and controlled ablations separately"
"composed_image__j__none","composed_image","CIRR public validation","en; fixed evaluation protocol","J","none","identity","none","not_applicable","not_applicable","planned_not_run","method_family; expand dataset views and controlled ablations separately"
"composed_image__j__laya_text","composed_image","CIRR public validation","en; fixed evaluation protocol","J","none","identity","laya_text","20|50|100","50","planned_not_run","method_family; expand dataset views and controlled ablations separately"
"composed_image__j__bge_reranker_text","composed_image","CIRR public validation","en; fixed evaluation protocol","J","none","identity","bge_reranker_text","20|50|100","50","planned_not_run","method_family; expand dataset views and controlled ablations separately"
"composed_image__j__gemma4_relevance","composed_image","CIRR public validation","en; fixed evaluation protocol","J","none","identity","gemma4_relevance","20|50|100","50","planned_not_run","method_family; expand dataset views and controlled ablations separately"
"composed_image__b_j__none","composed_image","CIRR public validation","en; fixed evaluation protocol","B|J","none","equal_weight_rrf_k60","none","not_applicable","not_applicable","planned_not_run","method_family; expand dataset views and controlled ablations separately"
"composed_image__b_j__laya_text","composed_image","CIRR public validation","en; fixed evaluation protocol","B|J","none","equal_weight_rrf_k60","laya_text","20|50|100","50","planned_not_run","method_family; expand dataset views and controlled ablations separately"
"composed_image__b_j__bge_reranker_text","composed_image","CIRR public validation","en; fixed evaluation protocol","B|J","none","equal_weight_rrf_k60","bge_reranker_text","20|50|100","50","planned_not_run","method_family; expand dataset views and controlled ablations separately"
"composed_image__b_j__gemma4_relevance","composed_image","CIRR public validation","en; fixed evaluation protocol","B|J","none","equal_weight_rrf_k60","gemma4_relevance","20|50|100","50","planned_not_run","method_family; expand dataset views and controlled ablations separately"
"composed_image__g_j__none","composed_image","CIRR public validation","en; fixed evaluation protocol","G|J","none","equal_weight_rrf_k60","none","not_applicable","not_applicable","planned_not_run","method_family; expand dataset views and controlled ablations separately"
"composed_image__g_j__laya_text","composed_image","CIRR public validation","en; fixed evaluation protocol","G|J","none","equal_weight_rrf_k60","laya_text","20|50|100","50","planned_not_run","method_family; expand dataset views and controlled ablations separately"
"composed_image__g_j__bge_reranker_text","composed_image","CIRR public validation","en; fixed evaluation protocol","G|J","none","equal_weight_rrf_k60","bge_reranker_text","20|50|100","50","planned_not_run","method_family; expand dataset views and controlled ablations separately"
"composed_image__g_j__gemma4_relevance","composed_image","CIRR public validation","en; fixed evaluation protocol","G|J","none","equal_weight_rrf_k60","gemma4_relevance","20|50|100","50","planned_not_run","method_family; expand dataset views and controlled ablations separately"
"composed_image__b_g_j__none","composed_image","CIRR public validation","en; fixed evaluation protocol","B|G|J","none","equal_weight_rrf_k60","none","not_applicable","not_applicable","planned_not_run","method_family; expand dataset views and controlled ablations separately"
"composed_image__b_g_j__laya_text","composed_image","CIRR public validation","en; fixed evaluation protocol","B|G|J","none","equal_weight_rrf_k60","laya_text","20|50|100","50","planned_not_run","method_family; expand dataset views and controlled ablations separately"
"composed_image__b_g_j__bge_reranker_text","composed_image","CIRR public validation","en; fixed evaluation protocol","B|G|J","none","equal_weight_rrf_k60","bge_reranker_text","20|50|100","50","planned_not_run","method_family; expand dataset views and controlled ablations separately"
"composed_image__b_g_j__gemma4_relevance","composed_image","CIRR public validation","en; fixed evaluation protocol","B|G|J","none","equal_weight_rrf_k60","gemma4_relevance","20|50|100","50","planned_not_run","method_family; expand dataset views and controlled ablations separately"
"composed_image__e_j__none","composed_image","CIRR public validation","en; fixed evaluation protocol","E|J","none","equal_weight_rrf_k60","none","not_applicable","not_applicable","planned_not_run","method_family; expand dataset views and controlled ablations separately"
"composed_image__e_j__laya_text","composed_image","CIRR public validation","en; fixed evaluation protocol","E|J","none","equal_weight_rrf_k60","laya_text","20|50|100","50","planned_not_run","method_family; expand dataset views and controlled ablations separately"
"composed_image__e_j__bge_reranker_text","composed_image","CIRR public validation","en; fixed evaluation protocol","E|J","none","equal_weight_rrf_k60","bge_reranker_text","20|50|100","50","planned_not_run","method_family; expand dataset views and controlled ablations separately"
"composed_image__e_j__gemma4_relevance","composed_image","CIRR public validation","en; fixed evaluation protocol","E|J","none","equal_weight_rrf_k60","gemma4_relevance","20|50|100","50","planned_not_run","method_family; expand dataset views and controlled ablations separately"
"composed_image__b_e_j__none","composed_image","CIRR public validation","en; fixed evaluation protocol","B|E|J","none","equal_weight_rrf_k60","none","not_applicable","not_applicable","planned_not_run","method_family; expand dataset views and controlled ablations separately"
"composed_image__b_e_j__laya_text","composed_image","CIRR public validation","en; fixed evaluation protocol","B|E|J","none","equal_weight_rrf_k60","laya_text","20|50|100","50","planned_not_run","method_family; expand dataset views and controlled ablations separately"
"composed_image__b_e_j__bge_reranker_text","composed_image","CIRR public validation","en; fixed evaluation protocol","B|E|J","none","equal_weight_rrf_k60","bge_reranker_text","20|50|100","50","planned_not_run","method_family; expand dataset views and controlled ablations separately"
"composed_image__b_e_j__gemma4_relevance","composed_image","CIRR public validation","en; fixed evaluation protocol","B|E|J","none","equal_weight_rrf_k60","gemma4_relevance","20|50|100","50","planned_not_run","method_family; expand dataset views and controlled ablations separately"
"composed_image__g_e_j__none","composed_image","CIRR public validation","en; fixed evaluation protocol","G|E|J","none","equal_weight_rrf_k60","none","not_applicable","not_applicable","planned_not_run","method_family; expand dataset views and controlled ablations separately"
"composed_image__g_e_j__laya_text","composed_image","CIRR public validation","en; fixed evaluation protocol","G|E|J","none","equal_weight_rrf_k60","laya_text","20|50|100","50","planned_not_run","method_family; expand dataset views and controlled ablations separately"
"composed_image__g_e_j__bge_reranker_text","composed_image","CIRR public validation","en; fixed evaluation protocol","G|E|J","none","equal_weight_rrf_k60","bge_reranker_text","20|50|100","50","planned_not_run","method_family; expand dataset views and controlled ablations separately"
"composed_image__g_e_j__gemma4_relevance","composed_image","CIRR public validation","en; fixed evaluation protocol","G|E|J","none","equal_weight_rrf_k60","gemma4_relevance","20|50|100","50","planned_not_run","method_family; expand dataset views and controlled ablations separately"
"composed_image__b_g_e_j__none","composed_image","CIRR public validation","en; fixed evaluation protocol","B|G|E|J","none","equal_weight_rrf_k60","none","not_applicable","not_applicable","planned_not_run","method_family; expand dataset views and controlled ablations separately"
"composed_image__b_g_e_j__laya_text","composed_image","CIRR public validation","en; fixed evaluation protocol","B|G|E|J","none","equal_weight_rrf_k60","laya_text","20|50|100","50","planned_not_run","method_family; expand dataset views and controlled ablations separately"
"composed_image__b_g_e_j__bge_reranker_text","composed_image","CIRR public validation","en; fixed evaluation protocol","B|G|E|J","none","equal_weight_rrf_k60","bge_reranker_text","20|50|100","50","planned_not_run","method_family; expand dataset views and controlled ablations separately"
"composed_image__b_g_e_j__gemma4_relevance","composed_image","CIRR public validation","en; fixed evaluation protocol","B|G|E|J","none","equal_weight_rrf_k60","gemma4_relevance","20|50|100","50","planned_not_run","method_family; expand dataset views and controlled ablations separately"
"composed_image__n_j__none","composed_image","CIRR public validation","en; fixed evaluation protocol","N|J","none","equal_weight_rrf_k60","none","not_applicable","not_applicable","planned_not_run","method_family; expand dataset views and controlled ablations separately"
"composed_image__n_j__laya_text","composed_image","CIRR public validation","en; fixed evaluation protocol","N|J","none","equal_weight_rrf_k60","laya_text","20|50|100","50","planned_not_run","method_family; expand dataset views and controlled ablations separately"
"composed_image__n_j__bge_reranker_text","composed_image","CIRR public validation","en; fixed evaluation protocol","N|J","none","equal_weight_rrf_k60","bge_reranker_text","20|50|100","50","planned_not_run","method_family; expand dataset views and controlled ablations separately"
"composed_image__n_j__gemma4_relevance","composed_image","CIRR public validation","en; fixed evaluation protocol","N|J","none","equal_weight_rrf_k60","gemma4_relevance","20|50|100","50","planned_not_run","method_family; expand dataset views and controlled ablations separately"
"composed_image__b_n_j__none","composed_image","CIRR public validation","en; fixed evaluation protocol","B|N|J","none","equal_weight_rrf_k60","none","not_applicable","not_applicable","planned_not_run","method_family; expand dataset views and controlled ablations separately"
"composed_image__b_n_j__laya_text","composed_image","CIRR public validation","en; fixed evaluation protocol","B|N|J","none","equal_weight_rrf_k60","laya_text","20|50|100","50","planned_not_run","method_family; expand dataset views and controlled ablations separately"
"composed_image__b_n_j__bge_reranker_text","composed_image","CIRR public validation","en; fixed evaluation protocol","B|N|J","none","equal_weight_rrf_k60","bge_reranker_text","20|50|100","50","planned_not_run","method_family; expand dataset views and controlled ablations separately"
"composed_image__b_n_j__gemma4_relevance","composed_image","CIRR public validation","en; fixed evaluation protocol","B|N|J","none","equal_weight_rrf_k60","gemma4_relevance","20|50|100","50","planned_not_run","method_family; expand dataset views and controlled ablations separately"
"composed_image__g_n_j__none","composed_image","CIRR public validation","en; fixed evaluation protocol","G|N|J","none","equal_weight_rrf_k60","none","not_applicable","not_applicable","planned_not_run","method_family; expand dataset views and controlled ablations separately"
"composed_image__g_n_j__laya_text","composed_image","CIRR public validation","en; fixed evaluation protocol","G|N|J","none","equal_weight_rrf_k60","laya_text","20|50|100","50","planned_not_run","method_family; expand dataset views and controlled ablations separately"
"composed_image__g_n_j__bge_reranker_text","composed_image","CIRR public validation","en; fixed evaluation protocol","G|N|J","none","equal_weight_rrf_k60","bge_reranker_text","20|50|100","50","planned_not_run","method_family; expand dataset views and controlled ablations separately"
"composed_image__g_n_j__gemma4_relevance","composed_image","CIRR public validation","en; fixed evaluation protocol","G|N|J","none","equal_weight_rrf_k60","gemma4_relevance","20|50|100","50","planned_not_run","method_family; expand dataset views and controlled ablations separately"
"composed_image__b_g_n_j__none","composed_image","CIRR public validation","en; fixed evaluation protocol","B|G|N|J","none","equal_weight_rrf_k60","none","not_applicable","not_applicable","planned_not_run","method_family; expand dataset views and controlled ablations separately"
"composed_image__b_g_n_j__laya_text","composed_image","CIRR public validation","en; fixed evaluation protocol","B|G|N|J","none","equal_weight_rrf_k60","laya_text","20|50|100","50","planned_not_run","method_family; expand dataset views and controlled ablations separately"
"composed_image__b_g_n_j__bge_reranker_text","composed_image","CIRR public validation","en; fixed evaluation protocol","B|G|N|J","none","equal_weight_rrf_k60","bge_reranker_text","20|50|100","50","planned_not_run","method_family; expand dataset views and controlled ablations separately"
"composed_image__b_g_n_j__gemma4_relevance","composed_image","CIRR public validation","en; fixed evaluation protocol","B|G|N|J","none","equal_weight_rrf_k60","gemma4_relevance","20|50|100","50","planned_not_run","method_family; expand dataset views and controlled ablations separately"
"composed_image__e_n_j__none","composed_image","CIRR public validation","en; fixed evaluation protocol","E|N|J","none","equal_weight_rrf_k60","none","not_applicable","not_applicable","planned_not_run","method_family; expand dataset views and controlled ablations separately"
"composed_image__e_n_j__laya_text","composed_image","CIRR public validation","en; fixed evaluation protocol","E|N|J","none","equal_weight_rrf_k60","laya_text","20|50|100","50","planned_not_run","method_family; expand dataset views and controlled ablations separately"
"composed_image__e_n_j__bge_reranker_text","composed_image","CIRR public validation","en; fixed evaluation protocol","E|N|J","none","equal_weight_rrf_k60","bge_reranker_text","20|50|100","50","planned_not_run","method_family; expand dataset views and controlled ablations separately"
"composed_image__e_n_j__gemma4_relevance","composed_image","CIRR public validation","en; fixed evaluation protocol","E|N|J","none","equal_weight_rrf_k60","gemma4_relevance","20|50|100","50","planned_not_run","method_family; expand dataset views and controlled ablations separately"
"composed_image__b_e_n_j__none","composed_image","CIRR public validation","en; fixed evaluation protocol","B|E|N|J","none","equal_weight_rrf_k60","none","not_applicable","not_applicable","planned_not_run","method_family; expand dataset views and controlled ablations separately"
"composed_image__b_e_n_j__laya_text","composed_image","CIRR public validation","en; fixed evaluation protocol","B|E|N|J","none","equal_weight_rrf_k60","laya_text","20|50|100","50","planned_not_run","method_family; expand dataset views and controlled ablations separately"
"composed_image__b_e_n_j__bge_reranker_text","composed_image","CIRR public validation","en; fixed evaluation protocol","B|E|N|J","none","equal_weight_rrf_k60","bge_reranker_text","20|50|100","50","planned_not_run","method_family; expand dataset views and controlled ablations separately"
"composed_image__b_e_n_j__gemma4_relevance","composed_image","CIRR public validation","en; fixed evaluation protocol","B|E|N|J","none","equal_weight_rrf_k60","gemma4_relevance","20|50|100","50","planned_not_run","method_family; expand dataset views and controlled ablations separately"
"composed_image__g_e_n_j__none","composed_image","CIRR public validation","en; fixed evaluation protocol","G|E|N|J","none","equal_weight_rrf_k60","none","not_applicable","not_applicable","planned_not_run","method_family; expand dataset views and controlled ablations separately"
"composed_image__g_e_n_j__laya_text","composed_image","CIRR public validation","en; fixed evaluation protocol","G|E|N|J","none","equal_weight_rrf_k60","laya_text","20|50|100","50","planned_not_run","method_family; expand dataset views and controlled ablations separately"
"composed_image__g_e_n_j__bge_reranker_text","composed_image","CIRR public validation","en; fixed evaluation protocol","G|E|N|J","none","equal_weight_rrf_k60","bge_reranker_text","20|50|100","50","planned_not_run","method_family; expand dataset views and controlled ablations separately"
"composed_image__g_e_n_j__gemma4_relevance","composed_image","CIRR public validation","en; fixed evaluation protocol","G|E|N|J","none","equal_weight_rrf_k60","gemma4_relevance","20|50|100","50","planned_not_run","method_family; expand dataset views and controlled ablations separately"
"composed_image__b_g_e_n_j__none","composed_image","CIRR public validation","en; fixed evaluation protocol","B|G|E|N|J","none","equal_weight_rrf_k60","none","not_applicable","not_applicable","planned_not_run","method_family; expand dataset views and controlled ablations separately"
"composed_image__b_g_e_n_j__laya_text","composed_image","CIRR public validation","en; fixed evaluation protocol","B|G|E|N|J","none","equal_weight_rrf_k60","laya_text","20|50|100","50","planned_not_run","method_family; expand dataset views and controlled ablations separately"
"composed_image__b_g_e_n_j__bge_reranker_text","composed_image","CIRR public validation","en; fixed evaluation protocol","B|G|E|N|J","none","equal_weight_rrf_k60","bge_reranker_text","20|50|100","50","planned_not_run","method_family; expand dataset views and controlled ablations separately"
"composed_image__b_g_e_n_j__gemma4_relevance","composed_image","CIRR public validation","en; fixed evaluation protocol","B|G|E|N|J","none","equal_weight_rrf_k60","gemma4_relevance","20|50|100","50","planned_not_run","method_family; expand dataset views and controlled ablations separately"

